"102261", "Arr", "US-CAe", "published"
"102586", "Excerpts. Arr", "US-Su", "published"
"104442", "Arr", "US-Eu", "published"
"107108", "Excerpts. Arr", "US-NYp", "published"
"107510", "Excerpts. Arr", "US-NYp", "published"
"111212", "Excerpts. Arr", "US-Cu", "published"
"112907", "Excerpts. Arr", "US-Cn", "published"
"113243", "Excerpts. Arr", "US-Cu", "published"
"113245", "Excerpts. Arr", "US-Cu", "published"
"113246", "Excerpts. Arr", "US-Cu", "published"
"114085", "Excerpts. Arr", "US-AUS", "published"
"114122", "Excerpts. Arr", "US-AUS", "published"
"114143", "Excerpts. Arr", "US-AUS", "published"
"114851", "Excerpts. Arr", "US-PHf", "published"
"114852", "Excerpts. Arr", "US-PHf", "published"
"114853", "Excerpts. Arr", "US-PHf", "published"
"115784", "Arr", "US-BEm", "published"
"115790", "Arr", "US-SFsc", "published"
"116561", "Excerpts. Arr", "US-BEm", "published"
"116810", "Excerpts. Arr", "US-SFsc", "published"
"117507", "Excerpts. Arr", "US-SFsc", "published"
"117537", "Excerpts. Arr", "US-SFsc", "published"
"117538", "Excerpts. Arr", "US-SFsc", "published"
"117539", "Excerpts. Arr", "US-SFsc", "published"
"117541", "Excerpts. Arr", "US-SFsc", "published"
"117542", "Excerpts. Arr", "US-SFsc", "published"
"117543", "Excerpts. Arr", "US-SFsc", "published"
"117544", "Excerpts. Arr", "US-SFsc", "published"
"117545", "Excerpts. Arr", "US-SFsc", "published"
"117547", "Excerpts. Arr", "US-SFsc", "published"
"117548", "Excerpts. Arr", "US-SFsc", "published"
"117549", "Excerpts. Arr", "US-SFsc", "published"
"117550", "Excerpts. Arr", "US-SFsc", "published"
"119620", "Arr", "US-BEm", "published"
"120632", "Excerpts. Arr", "US-BEm", "published"
"123302", "Arr", "US-BEm", "published"
"123306", "Arr", "US-BEm", "published"
"123326", "Arr", "US-BEm", "published"
"123921", "Arr", "US-BEm", "published"
"124020", "Arr", "US-BEm", "published"
"124095", "Excerpts. Arr", "US-BEm", "published"
"124108", "Excerpts. Arr", "US-BEm", "published"
"125630", "Excerpts. Arr", "US-AUS", "published"
"126255", "Excerpts. Arr", "US-SA", "published"
"128835", "Excerpts. Arr", "US-SA", "published"
"130394", "Arr", "US-R", "published"
"131990", "Excerpts. Arr", "US-Wc", "published"
"132000", "Excerpts. Arr", "US-Wc", "published"
"132387", "Excerpts. Arr", "US-CAward", "published"
"132695", "Excerpts. Arr", "US-PHu", "published"
"140613", "Excerpts. Arr", "US-Wc", "published"
"240280", "Excerpts.", "US-BETm", "published"
"240433", "Partbooks", "US-BETm", "published"
"45006538", "Excerpts. Arr", "D-BNu", "inprogress"
"45006539", "Excerpts. Arr", "D-BNu", "inprogress"
"45603323", "Arr", "D-Mbs", "inprogress"
"100028739", "Arr", "E-ZAc", "published"
"150204786", "Arr", "DK-Kk", "published"
"150230001", "Excerpts. Arr", "DK-Kk", "published"
"160000004", "Excerpts. Arr", "FIN-A", "published"
"180000589", "Excerpts. Arr", "NL-At", "published"
"190000195", "Excerpts. Arr", "S-St", "published"
"190000814", "Arr", "S-St", "published"
"190000815", "Arr", "S-St", "published"
"190000823", "Arr", "S-St", "published"
"190000887", "Arr", "S-STr", "published"
"190002732", "Arr", "S-L", "published"
"190002733", "Excerpts. Arr", "S-L", "published"
"190003740", "Arr", "S-KK", "published"
"190004045", "Arr", "S-K", "published"
"190004489", "Arr", "S-HÄ", "published"
"190007519", "Arr", "S-V", "published"
"190009260", "Excerpts. Arr", "S-SK", "published"
"190010259", "Excerpts. Arr", "S-Skma", "published"
"190022175", "Excerpts. Arr", "S-Skma", "published"
"190022176", "Excerpts. Arr", "S-Skma", "published"
"190022439", "Arr", "S-Skma", "published"
"190022652", "Arr", "S-Skma", "published"
"190022689", "Arr", "S-Skma", "published"
"190023844", "Arr", "S-Skma", "published"
"190023940", "Excerpts. Arr", "S-Skma", "published"
"190024031", "Excerpts. Arr", "S-Skma", "published"
"200021423", "Excerpts. Arr", "D-MEIr", "published"
"200043442", "Arr", "D-GOl", "published"
"200044213", "Arr", "D-WRz", "published"
"201000099", "Arr", "D-STBp", "published"
"201001050", "Arr", "D-LEm", "published"
"201002137", "Excerpts. Arr", "D-LEm", "published"
"201002143", "Excerpts. Arr", "D-LEm", "published"
"201002146", "Excerpts. Arr", "D-LEm", "published"
"201002152", "Fragments. Arr", "D-LEm", "published"
"201002824", "Excerpts. Arr", "D-ZI", "published"
"201004859", "Arr", "D-LEm", "published"
"201008509", "Arr", "D-Zsch", "published"
"201009047", "Excerpts. Arr", "D-Zsch", "published"
"201009999", "Arr", "D-MEIr", "published"
"201010387", "Excerpts. Arr", "D-MEIr", "published"
"201010636", "Excerpts. Arr", "D-MEIr", "published"
"201010640", "Excerpts. Arr", "D-MEIr", "published"
"201010641", "Excerpts. Arr", "D-MEIr", "published"
"201010663", "Excerpts. Arr", "D-MEIr", "published"
"201010664", "Excerpts. Arr", "D-MEIr", "published"
"201011705", "Arr", "D-MEIr", "published"
"201012050", "Arr", "D-MEIr", "published"
"201012051", "Arr", "D-MEIr", "published"
"201012052", "Arr", "D-MEIr", "published"
"201012053", "Arr", "D-MEIr", "published"
"201012054", "Arr", "D-MEIr", "published"
"201012055", "Arr", "D-MEIr", "published"
"201012056", "Arr", "D-MEIr", "published"
"201012057", "Arr", "D-MEIr", "published"
"201012058", "Arr", "D-MEIr", "published"
"201012059", "Arr", "D-MEIr", "published"
"201012060", "Arr", "D-MEIr", "published"
"201012061", "Arr", "D-MEIr", "published"
"210021186", "Arr", "D-Dl", "published"
"210097063", "Arr", "D-Dl", "published"
"210097173", "Arr", "D-Dl", "published"
"211007007", "Arr", "D-Dl", "published"
"211007110", "Excerpts. Arr", "D-Dl", "published"
"212000531", "Arr", "D-Dl", "published"
"212001068", "Arr", "D-Dl", "published"
"212003521", "Excerpts. Arr.", "D-Dl", "published"
"220001049", "Arr", "D-BAUm", "published"
"220001304", "Arr", "D-BAUm", "published"
"220010547", "Arr", "D-HER", "published"
"220012208", "Arr", "D-HER", "published"
"220013159", "Arr", "D-HER", "published"
"220013173", "Arr", "D-HER", "published"
"220014193", "Excerpts. Arr", "D-HER", "published"
"220016077", "Arr", "D-HER", "published"
"220016807", "Arr", "D-HER", "published"
"220017246", "Excerpts. Arr", "D-HER", "published"
"220018801", "Arr", "D-HER", "published"
"220018809", "Arr", "D-HER", "published"
"220018826", "Arr", "D-HER", "published"
"220018833", "Arr", "D-HER", "published"
"220018837", "Arr", "D-HER", "published"
"220018842", "Arr", "D-HER", "published"
"220018866", "Arr", "D-HER", "published"
"220018870", "Arr", "D-HER", "published"
"220018895", "Arr", "D-HER", "published"
"220018907", "Arr", "D-HER", "published"
"220018914", "Arr", "D-HER", "published"
"220032278", "Excerpts. Arr", "D-Z", "published"
"220034814", "Arr", "D-LUC", "published"
"225000132", "Arr", "D-LEm", "published"
"225000445", "Arr", "D-LEu", "published"
"225000477", "Excerpts. Arr", "D-LEu", "published"
"225001598", "Arr", "D-LEu", "published"
"225001601", "Excerpts. Arr", "D-LEu", "published"
"225001875", "Excerpts. Arr", "D-LEu", "published"
"225002210", "Arr", "D-LEu", "published"
"230000169", "Arr", "D-DEl", "published"
"230001954", "Arr", "D-AG", "published"
"230002530", "Arr", "D-AG", "published"
"230003044", "Arr", "D-AG", "published"
"230003352", "Excerpts. Arr", "D-AG", "published"
"230003656", "Arr", "D-OLH", "published"
"230005909", "Arr", "D-LEm", "published"
"230006255", "Excerpts. Arr", "D-LEm", "published"
"230006311", "Arr", "D-LEm", "published"
"230006369", "Arr", "D-LEm", "published"
"230006381", "Arr", "D-LEm", "published"
"230006385", "Arr", "D-LEm", "published"
"230006409", "Arr", "D-LEm", "published"
"230006428", "Arr", "D-LEm", "published"
"230007298", "Arr", "D-LEm", "published"
"230007851", "Excerpts. Arr", "D-LEm", "published"
"230007885", "Arr", "D-LEm", "published"
"230008065", "Arr", "D-LEm", "published"
"230008086", "Excerpts. Arr", "D-LEm", "published"
"240001007", "Arr", "D-SWl", "published"
"240001415", "Arr", "D-SWl", "published"
"240002721", "Arr", "D-SWl", "published"
"240002724", "Arr", "D-SWl", "published"
"240002727", "Excerpts. Arr", "D-SWl", "published"
"240002730", "Excerpts. Arr", "D-SWl", "published"
"240002753", "Excerpts. Arr", "D-SWl", "published"
"240003180", "Arr", "D-SWl", "published"
"240003263", "Excerpts. Arr", "D-SWl", "published"
"240003398", "Excerpts. Arr", "D-SWl", "published"
"240003452", "Excerpts. Arr", "D-SWl", "published"
"240004260", "Excerpts. Arr", "D-SWl", "published"
"240005799", "Excerpts. Arr", "D-SWl", "published"
"240005808", "Excerpts. Arr", "D-SWl", "published"
"240005830", "Excerpts. Arr", "D-SWl", "published"
"240005831", "Excerpts. Arr", "D-SWl", "published"
"240006549", "Arr", "D-SWl", "published"
"240006762", "Arr", "D-SWl", "published"
"240009346", "Excerpts. Arr", "D-GOl", "published"
"240009449", "Arr", "D-GOl", "published"
"240009547", "Arr", "D-GOl", "published"
"240009637", "Arr", "D-GOl", "published"
"240009642", "Arr", "D-GOl", "published"
"240009887", "Excerpts. Arr", "D-GOl", "published"
"250000475", "Arr", "D-WFe", "published"
"250004480", "Excerpts. Arr", "D-SHs", "published"
"250004554", "Excerpts. Arr", "D-SHs", "published"
"250006150", "Arr", "D-WRha", "published"
"250006237", "Excerpts. Arr", "D-WRha", "published"
"250007279", "Arr", "D-WRha", "published"
"250010242", "Excerpts. Arr", "D-WRha", "published"
"250010571", "Arr", "D-WRha", "published"
"250011093", "Arr", "D-GOl", "published"
"250013176", "Excerpts. Arr", "D-GOl", "published"
"250013181", "Excerpts. Arr", "D-GOl", "published"
"250013185", "Arr", "D-GOl", "published"
"250013419", "Arr", "D-GOl", "published"
"250013444", "Arr", "D-GOl", "published"
"250013787", "Arr", "D-WRha", "published"
"250013794", "Arr", "D-WRha", "published"
"250013841", "Arr", "D-WRha", "published"
"250013903", "Arr", "D-WRha", "published"
"250014503", "Arr", "D-GOl", "published"
"250014506", "Arr", "D-GOl", "published"
"250014533", "Arr", "D-GOl", "published"
"250014541", "Arr", "D-GOl", "published"
"250014544", "Arr", "D-GOl", "published"
"250014545", "Arr", "D-GOl", "published"
"250014550", "Arr", "D-GOl", "published"
"250014553", "Arr", "D-GOl", "published"
"250015910", "Excerpts. Arr", "D-GOl", "published"
"270000676", "Arr", "D-Dl", "published"
"270002422", "Arr", "D-Dl", "published"
"270002707", "Excerpts. Arr", "D-Dl", "published"
"280000028", "Arr", "D-WRha", "published"
"280002355", "Arr", "D-SHm", "published"
"280002467", "Arr", "D-SHm", "published"
"280004003", "Arr", "D-RUl", "published"
"280004008", "Arr", "D-RUl", "published"
"280004129", "Excerpts. Arr", "D-RUl", "published"
"280004186", "Potpourris. Arr", "D-RUl", "published"
"280004205", "Excerpts. Arr", "D-RUl", "published"
"280004208", "Arr", "D-RUl", "published"
"280004219", "Arr", "D-RUl", "published"
"280004321", "Excerpts. Arr", "D-RUl", "published"
"280004358", "Arr", "D-RUl", "published"
"280004406", "Arr", "D-RUl", "published"
"280004426", "Arr", "D-RUl", "published"
"280004433", "Excerpts. Arr", "D-RUl", "published"
"280004546", "Arr", "D-RUl", "published"
"280004570", "Arr", "D-RUl", "published"
"280004621", "Excerpts. Arr", "D-RUl", "published"
"280004933", "Arr", "D-RUl", "published"
"280004989", "Arr", "D-RUl", "published"
"280005234", "Excerpts. Arr", "D-RUl", "published"
"280005237", "Excerpts. Arr", "D-RUl", "published"
"280005264", "Excerpts. Arr", "D-RUl", "published"
"290001327", "Arr", "D-Dl", "published"
"300257621", "Arr", "PL-Wtm", "published"
"301001413", "Excerpts. Arr", "PL-WRu", "published"
"301001829", "Excerpts. Arr", "PL-WRu", "published"
"301001853", "Excerpts. Arr", "PL-WRu", "published"
"301003042", "Excerpts. Arr", "PL-WRu", "published"
"301007008", "Excerpts. Arr", "PL-WRu", "published"
"301007044", "Excerpts. Arr", "PL-WRu", "published"
"301008614", "Arr", "PL-WRu", "published"
"350000002", "第1輯", "", "published"
"350000671", "Arr", "", "published"
"402009932", "Arr", "CH-BEl", "published"
"402009939", "Arr", "CH-BEl", "published"
"407002626", "fragments", "CH-SO", "published"
"409001865", "", "CH-BEl", "published"
"409001866", "", "CH-BEl", "published"
"450000067", "Excerpts. Arr", "D-BFb", "published"
"450000723", "Arr", "D-BFb", "published"
"450001132", "Excerpts. Arr", "D-BFb", "published"
"450001650", "Arr", "D-BAR", "published"
"450002411", "Arr", "D-DS", "published"
"450003345", "Arr", "D-DS", "published"
"450003463", "Arr", "D-DS", "published"
"450007190", "Arr", "D-TEG", "published"
"450007360", "Arr", "D-DGs", "published"
"450007363", "Excerpts. Arr", "D-DGs", "published"
"450008155", "Excerpts. Arr", "D-OB", "published"
"450011459", "Arr", "D-Rtt", "published"
"450011596", "Arr", "D-Rtt", "published"
"450011608", "Arr", "D-Rtt", "published"
"450011647", "Excerpts. Arr", "D-Rtt", "published"
"450011723", "Arr", "D-Rtt", "published"
"450011740", "Arr", "D-Rtt", "published"
"450011757", "Arr", "D-Rtt", "published"
"450011770", "Arr", "D-Rtt", "published"
"450011775", "Arr", "D-Rtt", "published"
"450011781", "Arr", "D-Rtt", "published"
"450011798", "Arr", "D-Rtt", "published"
"450011815", "Arr", "D-Rtt", "published"
"450011822", "Arr", "D-Rtt", "published"
"450011884", "Arr", "D-Rtt", "published"
"450012570", "Arr", "D-WEY", "published"
"450012765", "Excerpts. Arr", "D-KA", "published"
"450012966", "Arr", "D-KA", "published"
"450013000", "Arr", "D-KA", "published"
"450013001", "Arr", "D-KA", "published"
"450013002", "Arr", "D-KA", "published"
"450013003", "Arr", "D-KA", "published"
"450013004", "Arr", "D-KA", "published"
"450013005", "Arr", "D-KA", "published"
"450013006", "Arr", "D-KA", "published"
"450013008", "Arr", "D-KA", "published"
"450013009", "Arr", "D-KA", "published"
"450013010", "Arr", "D-KA", "published"
"450013012", "Arr", "D-KA", "published"
"450013054", "Arr", "D-KA", "published"
"450013055", "Arr", "D-KA", "published"
"450013366", "Arr", "D-KA", "published"
"450013490", "Arr", "D-KA", "published"
"450013534", "Excerpts. Arr", "D-KA", "published"
"450013536", "Arr", "D-KA", "published"
"450013667", "Arr", "D-KA", "published"
"450013685", "Arr", "D-KA", "published"
"450013710", "Arr", "D-KA", "published"
"450013780", "Arr", "D-KA", "published"
"450013782", "Arr", "D-KA", "published"
"450014332", "Arr", "D-KA", "published"
"450014361", "Arr", "D-KA", "published"
"450014419", "Arr", "D-KA", "published"
"450015040", "Excerpts. Arr", "D-Hs", "published"
"450015191", "Arr", "D-Hs", "published"
"450015209", "Arr", "D-Hs", "published"
"450016176", "Excerpts. Arr", "D-Hs", "published"
"450016198", "Arr", "D-Hs", "published"
"450016209", "Arr", "D-Hs", "published"
"450016223", "Arr", "D-Hs", "published"
"450016873", "Excerpts. Arr", "D-RH", "published"
"450018007", "Excerpts. Arr", "D-KA", "published"
"450018011", "Arr", "D-KA", "published"
"450018064", "Arr", "D-KA", "published"
"450018100", "Arr", "D-KA", "published"
"450018269", "Arr", "D-KA", "published"
"450018633", "Excerpts. Arr", "D-KA", "published"
"450018872", "Arr", "D-KA", "published"
"450018873", "Arr", "D-KA", "published"
"450018914", "Arr", "D-KA", "published"
"450018918", "Excerpts. Arr", "D-KA", "published"
"450019033", "Arr", "D-KA", "published"
"450019147", "Excerpts. Arr", "D-KA", "published"
"450019504", "Excerpts. Arr", "D-KA", "published"
"450019507", "Excerpts. Arr", "D-KA", "published"
"450019515", "Excerpts. Arr", "D-KA", "published"
"450019681", "Excerpts. Arr", "D-EUl", "published"
"450020132", "Excerpts. Arr", "D-KA", "published"
"450020958", "Arr", "D-KIl", "published"
"450021022", "Excerpts. Arr", "D-KIl", "published"
"450022549", "Arr", "D-HEms", "published"
"450022700", "Arr", "D-HEms", "published"
"450022828", "Arr", "D-HEms", "published"
"450024263", "Excerpts. Arr", "D-HR", "published"
"450024881", "Excerpts. Arr", "D-Hs", "published"
"450024997", "Excerpts. Arr", "D-Hs", "published"
"450025288", "Arr", "D-HR", "published"
"450025536", "Excerpts. Arr", "D-HR", "published"
"450025849", "Excerpts. Arr", "D-HR", "published"
"450025928", "Excerpts. Arr", "D-HR", "published"
"450026789", "Arr", "D-Hs", "published"
"450027549", "Excerpts. Arr", "D-SÜN", "published"
"450027922", "Arr", "D-BFb", "published"
"450027960", "Excerpts. Arr", "D-Rtt", "published"
"450027964", "Excerpts. Arr", "D-Rtt", "published"
"450028000", "Arr", "D-RH", "published"
"450028004", "Arr", "D-KA", "published"
"450028811", "Arr", "D-KIl", "published"
"450028852", "Arr", "D-KIl", "published"
"450028921", "Arr", "D-KIl", "published"
"450030903", "Arr", "D-KIl", "published"
"450030950", "Arr", "D-KIl", "published"
"450030967", "Excerpts. Arr", "D-KIl", "published"
"450031238", "Arr", "D-KIl", "published"
"450032139", "Arr", "D-HEms", "published"
"450032167", "Excerpts. Arr", "D-HEms", "published"
"450032195", "Excerpts. Arr", "D-HEms", "published"
"450032278", "Arr", "D-HEms", "published"
"450032418", "Arr", "D-HEms", "published"
"450032578", "Arr", "D-Ha", "published"
"450032642", "Arr", "D-HEms", "published"
"450032814", "Arr", "D-HEI", "published"
"450034560", "Excerpts. Arr", "D-LB", "inprogress"
"450035662", "Arr", "D-Hs", "published"
"450035880", "Arr", "D-Hs", "published"
"450036069", "Arr", "D-Hs", "published"
"450036099", "Excerpts. Arr", "D-Hs", "published"
"450036353", "Excerpts. Arr", "D-KA", "published"
"450036432", "Excerpts. Arr", "D-KA", "published"
"450036481", "Arr", "D-KA", "published"
"450036599", "Arr", "D-KA", "published"
"450036612", "Excerpts. Arr", "D-KA", "published"
"450036731", "Excerpts. Arr", "D-KA", "published"
"450036788", "Arr", "D-KA", "published"
"450036819", "Excerpts. Arr", "D-KA", "published"
"450036825", "Arr", "D-KA", "published"
"450037768", "Excerpts. Arr", "D-SPlb", "published"
"450038064", "Excerpts. Arr", "D-KA", "published"
"450040735", "Arr", "D-TZ", "published"
"450041640", "Arr", "D-AÖhk", "published"
"450041643", "Arr", "D-AÖhk", "published"
"450043227", "Arr", "D-SPlb", "published"
"450043377", "Excerpts. Arr", "D-SPlb", "published"
"450050440", "Excerpts. Arr", "D-Rtt", "published"
"450050452", "Excerpts. Arr", "D-Rtt", "published"
"450050454", "Arr", "D-Rtt", "published"
"450055105", "Arr", "D-Mbs", "published"
"450055303", "Excerpts. Arr", "D-Mbs", "published"
"450056294", "Arr", "D-WALs", "published"
"450056643", "Arr", "D-Mbs", "published"
"450057568", "Excerpts. Arr", "D-Mbs", "published"
"450060302", "Arr", "D-KNh", "published"
"450066170", "Arr", "D-BNu", "published"
"450066564", "Excerpts. Arr", "D-NEhz", "published"
"450116118", "Arr", "D-MB", "published"
"450201983", "Arr", "D-Eu", "published"
"450202173", "Arr", "D-Eu", "published"
"450202194", "Arr", "D-Eu", "published"
"450202430", "Arr", "D-Eu", "published"
"450202617", "Arr", "D-Eu", "published"
"450202667", "Arr", "D-Eu", "published"
"450203728", "Arr", "D-Eu", "published"
"450203729", "Arr", "D-Eu", "published"
"450203730", "Arr", "D-Eu", "published"
"450203731", "Arr", "D-Eu", "published"
"450203732", "Arr", "D-Eu", "published"
"450203733", "Arr", "D-Eu", "published"
"450203734", "Arr", "D-Eu", "published"
"450203735", "Arr", "D-Eu", "published"
"450203759", "Arr", "D-Eu", "published"
"450203774", "Arr", "D-Eu", "published"
"450203775", "Arr", "D-Eu", "published"
"450203776", "Arr", "D-Eu", "published"
"450203777", "Arr", "D-Eu", "published"
"450203778", "Arr", "D-Eu", "published"
"450203920", "Arr", "D-Eu", "published"
"450300585", "Excerpts. Arr", "D-Eu", "published"
"450301271", "Excerpts. Arr", "D-Eu", "published"
"450302525", "Arr", "D-Eu", "published"
"450302727", "Arr", "D-Eu", "published"
"450302755", "Arr", "D-Eu", "published"
"450303231", "Arr", "D-Eu", "published"
"450303421", "Arr", "D-Eu", "published"
"450303531", "Arr", "D-Eu", "published"
"450303807", "Arr", "D-Eu", "published"
"450304063", "Arr", "D-Mbs", "published"
"450304108", "Excerpts. Arr", "D-Mbs", "published"
"450304712", "Excerpts. Arr", "D-Mbs", "published"
"451000035", "Excerpts. Arr", "D-MÜs", "published"
"451000777", "Arr", "D-HVs", "published"
"451001178", "Arr", "D-HVs", "published"
"451010969", "Excerpts. Arr", "D-HVs", "published"
"451011138", "Excerpts. Arr", "D-HVs", "published"
"451011577", "Excerpts. Arr", "D-HVs", "published"
"451011762", "Excerpts. Arr", "D-HVs", "published"
"451024733", "Arr", "D-MÜs", "published"
"451024889", "Arr", "D-DT", "published"
"451024949", "Arr", "D-DT", "published"
"451025268", "Excerpts. Arr", "D-DT", "published"
"451025457", "Arr", "D-DT", "published"
"451025462", "Arr", "D-DT", "published"
"451025465", "Arr", "D-DT", "published"
"451025476", "Excerpts. Arr", "D-DT", "published"
"451025479", "Excerpts. Arr", "D-DT", "published"
"451025485", "Arr", "D-DT", "published"
"451025488", "Arr", "D-DT", "published"
"451025501", "Arr", "D-DT", "published"
"451025531", "Arr", "D-DT", "published"
"451025550", "Arr", "D-DT", "published"
"451025558", "Arr", "D-DT", "published"
"451025565", "Arr", "D-DT", "published"
"451025575", "Arr", "D-DT", "published"
"451025578", "Arr", "D-DT", "published"
"451025624", "Arr", "D-DT", "published"
"451025632", "Excerpts. Arr", "D-DT", "published"
"451025707", "Arr", "D-DT", "published"
"451025713", "Arr", "D-DT", "published"
"451025717", "Arr", "D-DT", "published"
"451025720", "Arr", "D-DT", "published"
"451025729", "Arr", "D-DT", "published"
"451025738", "Arr", "D-DT", "published"
"451025822", "Arr", "D-DT", "published"
"451025828", "Arr", "D-DT", "published"
"451026726", "Excerpts. Arr", "D-DT", "published"
"451500157", "Excerpts. Arr", "D-HVs", "published"
"451500225", "Arr", "D-HVs", "published"
"451500360", "Excerpts. Arr", "D-HVs", "published"
"451500377", "Excerpts. Arr", "D-HVs", "published"
"451500520", "Excerpts. Arr", "D-Hs", "published"
"451500977", "Arr", "D-Hs", "published"
"451502502", "Arr", "D-DT", "published"
"451502505", "Arr", "D-DT", "published"
"451502833", "Arr", "D-DT", "published"
"451502857", "Arr", "D-DT", "published"
"451502882", "Arr", "D-DT", "published"
"451502895", "Arr", "D-DT", "published"
"451502917", "Arr", "D-DT", "published"
"451502947", "Arr", "D-DT", "published"
"451502972", "Arr", "D-DT", "published"
"451503004", "Arr", "D-DT", "published"
"451503028", "Arr", "D-DT", "published"
"451503039", "Arr", "D-DT", "published"
"451503065", "Excerpts. Arr", "D-DT", "published"
"451503068", "Excerpts. Arr", "D-DT", "published"
"451503108", "Arr", "D-DT", "published"
"451503135", "Arr", "D-DT", "published"
"451503139", "Arr", "D-DT", "published"
"451503161", "Arr", "D-DT", "published"
"451503214", "Arr", "D-DT", "published"
"451503227", "Arr", "D-DT", "published"
"451503237", "Arr", "D-DT", "published"
"451503245", "Arr", "D-DT", "published"
"451503266", "Arr", "D-DT", "published"
"451503278", "Arr", "D-DT", "published"
"451503283", "Arr", "D-DT", "published"
"451503288", "Arr", "D-DT", "published"
"451503298", "Arr", "D-DT", "published"
"451503306", "Arr", "D-DT", "published"
"451503313", "Arr", "D-DT", "published"
"451503323", "Arr", "D-DT", "published"
"451503328", "Arr", "D-DT", "published"
"451503333", "Arr", "D-DT", "published"
"451503336", "Arr", "D-DT", "published"
"451503339", "Arr", "D-DT", "published"
"451503352", "Arr", "D-DT", "published"
"451503357", "Arr", "D-DT", "published"
"451503386", "Arr", "D-DT", "published"
"451503393", "Arr", "D-DT", "published"
"451503417", "Arr", "D-DT", "published"
"451503512", "Arr", "D-DT", "published"
"451503521", "Arr", "D-DT", "published"
"451503542", "Arr", "D-DT", "published"
"451503723", "Arr", "D-DT", "published"
"451503735", "Arr", "D-DT", "published"
"451503738", "Arr", "D-DT", "published"
"451503743", "Arr", "D-DT", "published"
"451503747", "Arr", "D-DT", "published"
"451503756", "Arr", "D-DT", "published"
"451503762", "Arr", "D-DT", "published"
"451503780", "Arr", "D-DT", "published"
"451503909", "Arr", "D-DT", "published"
"451503915", "Arr", "D-DT", "published"
"451503918", "Arr", "D-DT", "published"
"451503923", "Arr", "D-DT", "published"
"451503944", "Arr", "D-DT", "published"
"451503959", "Arr", "D-DT", "published"
"451503965", "Arr", "D-DT", "published"
"451504014", "Arr", "D-DT", "published"
"451504022", "Arr", "D-DT", "published"
"451504028", "Arr", "D-DT", "published"
"451504031", "Arr", "D-DT", "published"
"451504041", "Arr", "D-DT", "published"
"451504046", "Arr", "D-DT", "published"
"451504050", "Arr", "D-DT", "published"
"451504194", "Arr", "D-DT", "published"
"451504200", "Arr", "D-DT", "published"
"451504203", "Arr", "D-DT", "published"
"451504207", "Arr", "D-DT", "published"
"451504211", "Arr", "D-DT", "published"
"451504217", "Arr", "D-DT", "published"
"451504238", "Arr", "D-DT", "published"
"451504242", "Arr", "D-DT", "published"
"451504447", "Arr", "D-OLl", "published"
"451504583", "Arr", "D-DT", "published"
"451504751", "Arr", "D-OLl", "published"
"451504943", "Arr", "D-DT", "published"
"451504975", "Arr", "D-DT", "published"
"451504993", "Arr", "D-DT", "published"
"451504999", "Arr", "D-DT", "published"
"451505004", "Arr", "D-DT", "published"
"451505007", "Arr", "D-DT", "published"
"451505014", "Arr", "D-DT", "published"
"451505017", "Excerpts. Var", "D-DT", "published"
"451505978", "Excerpts. Arr", "D-W", "published"
"451506187", "Excerpts. Arr", "D-W", "published"
"451506371", "Excerpts. Arr", "D-W", "published"
"451506382", "Excerpts. Arr", "D-W", "published"
"451506566", "Excerpts. Arr", "D-W", "published"
"451506644", "Arr", "D-W", "published"
"451507196", "Excerpts. Arr", "D-W", "published"
"451512055", "Arr", "D-HVs", "published"
"451512088", "Arr", "D-HVs", "published"
"452000766", "Excerpts. Arr", "D-B", "published"
"452000776", "Excerpts. Arr", "D-B", "published"
"452001087", "Excerpts. Arr", "D-B", "published"
"452001099", "Excerpts. Arr", "D-B", "published"
"452001981", "Excerpts. Arr", "D-B", "published"
"452002032", "Excerpts. Arr", "D-B", "published"
"452002387", "Excerpts. Arr", "D-B", "published"
"452002592", "Arr", "D-B", "published"
"452002595", "Arr", "D-B", "published"
"452002995", "Arr", "D-B", "published"
"452003370", "Excerpts. Arr", "D-B", "published"
"452004126", "Excerpts. Arr", "D-B", "published"
"452004646", "Excerpts. Arr", "D-B", "published"
"452005498", "Excerpts. Arr", "D-B", "published"
"452005532", "Arr", "D-B", "published"
"452005549", "Arr", "D-B", "published"
"452006073", "Excerpts. Arr", "D-B", "published"
"452006402", "Excerpts. Arr", "D-B", "published"
"452008118", "Excerpts. Arr", "D-B", "published"
"452008771", "Arr", "D-B", "published"
"452009088", "Excerpts. Arr", "D-B", "published"
"452010888", "Excerpts. Arr", "D-LÜh", "published"
"452011128", "Arr", "D-Hs", "published"
"452013432", "Excerpts. Arr", "D-LÜh", "published"
"452013433", "Excerpts. Arr", "D-LÜh", "published"
"452013434", "Excerpts. Arr", "D-LÜh", "published"
"452013435", "Excerpts. Arr", "D-LÜh", "published"
"452013436", "Excerpts. Arr", "D-LÜh", "published"
"452013437", "Excerpts. Arr", "D-LÜh", "published"
"452013439", "Excerpts. Arr", "D-LÜh", "published"
"452014170", "Excerpts. Arr", "D-B", "published"
"452014257", "Arr", "D-B", "published"
"452014323", "Arr", "D-B", "published"
"452014344", "Arr", "D-B", "published"
"452014456", "Excerpts. Arr", "D-B", "published"
"452015041", "Arr", "D-B", "published"
"452015352", "Excerpts. Arr", "D-B", "published"
"452016580", "Arr", "D-B", "published"
"452017028", "Arr", "D-B", "published"
"452017075", "Excerpts. Arr", "D-B", "published"
"452017101", "Excerpts. Arr", "D-B", "published"
"452017369", "Excerpts. Arr", "D-B", "published"
"452017824", "Arr", "D-B", "published"
"452023872", "Excerpts. Arr", "D-B", "published"
"452024107", "Arr", "D-B", "published"
"452025552", "Arr", "D-B", "published"
"452025894", "Excerpts. Arr", "D-B", "published"
"452025899", "Excerpts. Arr", "D-B", "published"
"452500825", "Arr", "D-LÜh", "published"
"452500914", "Excerpts. Arr", "D-LÜh", "published"
"452500923", "Arr", "D-LÜh", "published"
"452501561", "Arr", "D-Hs", "published"
"452501569", "Excerpts. Arr", "D-B", "published"
"452501710", "Excerpts. Arr", "D-B", "published"
"452502065", "Excerpts. Arr", "D-B", "published"
"452502145", ". Excerpts", "D-B", "published"
"452502152", "Arr", "D-Hs", "published"
"452502634", "Excerpts. Arr", "D-B", "published"
"452506788", "Excerpts. Arr", "D-B", "published"
"452506809", "Excerpts. Arr", "D-B", "published"
"452506822", "Excerpts. Arr", "D-B", "published"
"452507096", "Excerpts. Arr", "D-Hs", "published"
"452507409", "Excerpts. Arr", "D-B", "published"
"452507415", "Excerpts. Arr", "D-B", "published"
"452508037", "Excerpts. Arr", "D-B", "published"
"452509251", "Excerpts. Arr", "D-KIl", "published"
"452509754", "Arr", "D-B", "published"
"452510044", "Excerpts. Arr", "D-B", "published"
"452510151", "Excerpts. Arr", "D-B", "published"
"452510392", "Excerpts. Arr", "D-B", "published"
"452510636", "Arr", "D-B", "published"
"452510949", "Arr", "D-B", "published"
"452510969", "Excerpts. Arr", "D-B", "published"
"452511311", "Excerpts. Arr", "D-B", "published"
"452511548", "Arr", "D-B", "published"
"452511885", "Excerpts. Arr", "D-ALTbethmannhollweg", "published"
"452512151", "Arr", "D-ALTbethmannhollweg", "published"
"452512216", "Excerpts. Arr", "D-ALTbethmannhollweg", "published"
"452513107", "Arr", "D-B", "published"
"452514894", "Arr", "D-B", "published"
"452515100", "Arr", "D-B", "published"
"452515273", "Excerpts. Arr", "D-B", "published"
"452515308", "Arr", "D-B", "published"
"452515483", "Excerpts. Arr", "D-B", "published"
"452515686", "Excerpts. Arr", "D-LÜh", "published"
"452515838", "Arr", "D-LÜh", "published"
"452516331", "Excerpts. Arr", "D-B", "published"
"452517841", "Excerpts. Arr", "D-Bsommer", "published"
"452517860", "Excerpts. Arr", "D-Bsommer", "published"
"452518300", "Arr", "D-B", "published"
"452518373", "Excerpts. Arr", "D-B", "published"
"452518434", "Excerpts. Arr", "D-B", "published"
"452518456", "Excerpts. Arr", "D-B", "published"
"452518460", "Excerpts. Arr", "D-B", "published"
"452518695", "Excerpts. Arr", "D-Bsommer", "published"
"452518880", "Arr", "D-B", "published"
"452518967", "Excerpts. Arr", "D-B", "published"
"452519414", "Arr", "D-B", "published"
"452520417", "Excerpts. Arr", "D-B", "published"
"452520619", "Arr", "D-Bsommer", "published"
"452520903", "Excerpts. Arr", "D-Bsommer", "published"
"452521138", "Excerpts. Arr", "D-B", "published"
"452521145", "Arr", "D-Bsommer", "published"
"452521161", "Arr", "D-Bsommer", "published"
"452521569", "Arr", "D-Bsommer", "published"
"452524237", "Excerpts. Arr", "D-B", "published"
"452600157", "Arr", "D-Bhm", "published"
"453000510", "Arr", "D-Gs", "published"
"453001083", "Arr", "D-Gs", "published"
"453001728", "Excerpts. Arr", "D-Gs", "published"
"453002285", "Excerpts. Arr", "D-KA", "published"
"453004150", "Arr", "D-KFm", "published"
"453004496", "Excerpts. Arr", "D-KFp", "published"
"453005608", "Arr", "D-Mahg", "published"
"453005623", "Excerpts. Arr", "D-Mahg", "published"
"453006270", "Excerpts. Arr", "D-Mahg", "published"
"453006501", "Excerpts. Arr", "D-Mahg", "published"
"453006595", "Arr", "D-NBhv", "published"
"453008274", "Arr", "D-KA", "published"
"453009212", "Arr", "D-Mbs", "published"
"453011382", "Excerpts. Arr", "D-KAg", "published"
"454000443", "Arr", "D-WWW", "published"
"454000444", "Arr", "D-WWW", "published"
"454000511", "Excerpts. Arr", "D-WWW", "published"
"454001479", "Excerpts. Arr", "D-MT", "published"
"454001719", "Arr", "D-MT", "published"
"454003459", "Arr", "D-MT", "published"
"454003755", "Excerpts. Arr", "D-MT", "published"
"454004448", "Excerpts. Arr", "D-MT", "published"
"454006663", "Arr", "D-MT", "published"
"454007457", "Excerpts. Arr", "D-MT", "published"
"454007477", "Excerpts. Arr", "D-MT", "published"
"454007812", "Excerpts. Arr", "D-MT", "published"
"454008417", "Arr", "D-MT", "published"
"454008472", "Excerpts. Arr", "D-MT", "published"
"454008549", "Excerpts. Arr", "D-MT", "published"
"454008553", "Excerpts. Arr", "D-MT", "published"
"454012573", "Excerpts. Arr", "D-MT", "published"
"454013731", "Arr", "D-MT", "published"
"454013736", "Arr", "D-MT", "published"
"454015509", "Arr", "D-Mbs", "published"
"454015654", "Excerpts. Arr", "D-Mbs", "published"
"454015687", "Arr", "D-Mbs", "published"
"454502867", "Arr", "D-WÜsa", "published"
"455000538", "Arr", "D-F", "published"
"455000782", "Excerpts. Arr", "D-F", "published"
"455000788", "Excerpts. Arr", "D-F", "published"
"455000814", "Excerpts. Arr", "D-F", "published"
"455001029", "Excerpts. Arr", "D-F", "published"
"455001175", "Excerpts. Arr", "D-F", "published"
"455001443", "Excerpts. Arr", "D-F", "published"
"455001739", "Excerpts. Arr", "D-F", "published"
"455001756", "Arr", "D-F", "published"
"455002716", "Excerpts. Arr", "D-F", "published"
"455003366", "Excerpts. Arr", "D-F", "published"
"455004564", "Arr", "D-FUp", "published"
"455004859", "Arr", "D-FUp", "published"
"455006005", "Arr", "D-F", "published"
"455007050", "Arr", "D-FUl", "published"
"455007057", "Arr", "D-FUl", "published"
"455007059", "Arr", "D-FUl", "published"
"455007086", "Excerpts. Arr", "D-FUl", "published"
"455007129", "Arr", "D-FUl", "published"
"455007367", "Arr", "D-FUl", "published"
"455007423", "Excerpts. Arr", "D-FUl", "published"
"455008012", "Excerpts. Arr", "D-FUl", "published"
"455008027", "Excerpts. Arr", "D-FUl", "published"
"455008326", "Arr", "D-F", "published"
"455008441", "Arr", "D-F", "published"
"455010407", "Excerpts. Arr", "D-NBss", "published"
"455010762", "Arr", "D-NBss", "published"
"455011285", "Arr", "D-Tl", "published"
"455011297", "Arr", "D-Tl", "published"
"455011302", "Arr", "D-Tl", "published"
"455011316", "Arr", "D-Tl", "published"
"455011320", "Arr", "D-Tl", "published"
"455011345", "Arr", "D-Tl", "published"
"455011369", "Excerpts. Arr", "D-Tl", "published"
"455011415", "Excerpts. Arr", "D-Tl", "published"
"455011443", "Arr", "D-Tl", "published"
"455011446", "Arr", "D-Tl", "published"
"455011449", "Arr", "D-Tl", "published"
"455011455", "Arr", "D-Tl", "published"
"455011464", "Arr", "D-Tl", "published"
"455011467", "Arr", "D-Tl", "published"
"455011470", "Arr", "D-Tl", "published"
"455011473", "Arr", "D-Tl", "published"
"455011477", "Arr", "D-Tl", "published"
"455011480", "Arr", "D-Tl", "published"
"455011483", "Excerpts. Arr", "D-Tl", "published"
"455011489", "Arr", "D-Tl", "published"
"455011492", "Arr", "D-Tl", "published"
"455011495", "Arr", "D-Tl", "published"
"455011498", "Arr", "D-Tl", "published"
"455011502", "Arr", "D-Tl", "published"
"455011505", "Arr", "D-Tl", "published"
"455011508", "Arr", "D-Tl", "published"
"455011511", "Arr", "D-Tl", "published"
"455011514", "Arr", "D-Tl", "published"
"455011517", "Arr", "D-Tl", "published"
"455011520", "Arr", "D-Tl", "published"
"455011523", "Arr", "D-Tl", "published"
"455011526", "Arr", "D-Tl", "published"
"455011529", "Arr", "D-Tl", "published"
"455011532", "Arr", "D-Tl", "published"
"455011535", "Arr", "D-Tl", "published"
"455011538", "Arr", "D-Tl", "published"
"455011541", "Arr", "D-Tl", "published"
"455011544", "Arr", "D-Tl", "published"
"455011550", "Arr", "D-Tl", "published"
"455011553", "Arr", "D-Tl", "published"
"455011556", "Arr", "D-Tl", "published"
"455011559", "Arr", "D-Tl", "published"
"455011563", "Arr", "D-Tl", "published"
"455011566", "Arr", "D-Tl", "published"
"455011645", "Excerpts. Arr", "D-Tl", "published"
"455012057", "Excerpts. Arr", "D-Tl", "published"
"455012183", "Excerpts. Arr", "D-Tl", "published"
"455012330", "Excerpts. Arr", "D-Tl", "published"
"455012397", "Excerpts. Arr", "D-Tl", "published"
"455013123", "Excerpts. Arr", "D-Tl", "published"
"455013383", "Arr", "D-Tl", "published"
"455013389", "Arr", "D-Tl", "published"
"455014481", "Excerpts. Arr", "D-Tl", "published"
"455015907", "Excerpts. Arr", "D-Tl", "published"
"455015910", "Excerpts. Arr", "D-Tl", "published"
"455017900", "Excerpts. Arr", "D-Tu", "published"
"455018023", "Arr", "D-Tu", "published"
"455022027", "Arr", "D-Mmb", "published"
"455023211", "Arr", "D-AB", "published"
"455023302", "Arr", "D-AB", "published"
"455023319", "Excerpts. Arr", "D-AB", "published"
"455023335", "Excerpts. Arr", "D-AB", "published"
"455023511", "Arr", "D-AB", "published"
"455028234", "Excerpts. Arr", "D-Mb", "published"
"455028964", "Arr", "D-Mb", "published"
"455029798", "Arr", "D-Mb", "published"
"455042056", "Arr", "D-Mbs", "published"
"455042166", "Excerpts. Arr", "D-Mbs", "published"
"455042170", "Excerpts. Arr", "D-Mbs", "published"
"456003688", "Arr", "D-NEhz", "published"
"456003701", "Arr", "D-NEhz", "published"
"456003713", "Arr", "D-NEhz", "published"
"456003733", "Arr", "D-NEhz", "published"
"456003737", "Excerpts. Arr", "D-NEhz", "published"
"456003830", "Arr", "D-NEhz", "published"
"456003844", "Arr", "D-NEhz", "published"
"456003893", "Arr", "D-NEhz", "published"
"456003901", "Excerpts. Arr", "D-NEhz", "published"
"456003923", "Excerpts. Arr", "D-NEhz", "published"
"456004005", "Excerpts. Arr", "D-NEhz", "published"
"456004008", "Arr", "D-NEhz", "published"
"456004011", "Arr", "D-NEhz", "published"
"456004320", "Excerpts. Arr", "D-NEhz", "published"
"456004479", "Excerpts. Arr", "D-NEhz", "published"
"456006216", "Arr", "D-WÜd", "published"
"457000431", "Arr", "D-TLm", "published"
"460010800", "Arr", "D-B", "published"
"461009200", "Arr", "D-B", "published"
"469146700", "Excerpts. Arr", "D-Bsa", "published"
"469158600", "Excerpts. Arr", "D-Bsa", "published"
"469182500", "Excerpts.", "D-Bsa", "published"
"469390800", "Excerpts. Arr.", "D-Bsa", "published"
"500027494", "Arr", "HR-Zha", "published"
"500027495", "Arr", "HR-Zha", "published"
"500027496", "Arr", "HR-Zha", "published"
"500027497", "Arr", "HR-Zha", "published"
"500027498", "Arr", "HR-Zha", "published"
"500027571", "Arr", "HR-Zha", "published"
"500027605", "Excerpts. Arr", "HR-Zha", "published"
"500027666", "Excerpts. Arr", "HR-Zha", "published"
"500027697", "Arr", "HR-Zha", "published"
"500027714", "Arr", "HR-Zha", "published"
"500027844", "Arr", "HR-Zha", "published"
"500052954", "Arr", "HR-Dsmb", "published"
"500052957", "Arr", "HR-Dsmb", "published"
"500170279", "Arr", "HR-Zha", "published"
"500185478", "Excerpts. Arr", "HR-Zha", "published"
"500500564", "Arr", "HR-CRb", "published"
"500501355", "Arr", "HR-KPm", "published"
"530001808", "Arr", "H-Bn", "published"
"530001809", "Arr", "H-Bn", "published"
"530001858", "Excerpts. Arr", "H-KE", "published"
"530002178", "Feldzug und Sieg. Excerpts", "H-Bn", "published"
"530003575", "Excerpts. Arr", "H-PH", "published"
"530003580", "Excerpts. Arr", "H-PH", "published"
"530003729", "Arr", "H-Bn", "published"
"530003742", "Arr", "H-Bn", "published"
"530003770", "Excerpts. Arr", "H-Bn", "published"
"530004446", "Excerpts. Arr", "H-SFm", "published"
"530004502", "Excerpts. Arr", "H-SFm", "published"
"540001993", "Arr", "SI-Nk", "published"
"540002792", "Arr", "SI-PIm", "published"
"540002913", "Arr", "SI-PIm", "published"
"540002950", "Arr", "SI-PIm", "published"
"550000395", "Arr", "CZ-Pnm", "published"
"550040484", "Arr", "CZ-BER", "published"
"550280915", "Arr", "CZ-Pk", "published"
"550281440", "Excerpts. Arr", "CZ-Pk", "published"
"550400515", "Excerpts. Arr", "CZ-Pn", "published"
"550504088", "Arr", "CZ-Pu", "published"
"550504118", "Excerpts. Arr", "CZ-Pu", "published"
"550504280", "Excerpts. Arr", "CZ-Pu", "published"
"551002356", "Excerpts. Arr", "CZ-Pu", "published"
"551002382", "Excerpts. Arr", "CZ-Pu", "published"
"551005017", "Excerpts. Arr", "CZ-Pnm", "published"
"551006531", "Excerpts. Arr", "CZ-Pnm", "published"
"551006539", "Excerpts. Arr", "CZ-Pnm", "published"
"551006688", "Excerpts. Arr", "CZ-Pnm", "published"
"551006691", "Excerpts. Arr", "CZ-Pnm", "published"
"551007261", "Excerpts. Arr", "CZ-Pnm", "published"
"553002116", "Excerpts. Arr", "CZ-Bm", "published"
"553005174", "Excerpts. Arr", "CZ-Bm", "published"
"570001941", "Excerpts. Arr", "SK-J", "published"
"570010186", "Arr", "SK-BRnm", "published"
"600026418", "Arr", "A-SEI", "published"
"600026499", "Arr", "A-SEI", "published"
"600026719", "Excerpts. Arr", "A-SEI", "published"
"600033632", "Arr", "A-RB", "published"
"600033737", "Arr", "A-RB", "published"
"600091548", "Arr", "A-HE", "published"
"600091551", "Arr", "A-HE", "published"
"600172924", "Arr", "A-KR", "published"
"600177156", "Excerpts. Arr", "A-KR", "published"
"600658698", "Excerpts. Arr", "A-SF", "published"
"600659244", "Excerpts. Arr", "A-SF", "published"
"603000719", "Arr", "A-LA", "published"
"603000720", "Arr", "A-LA", "published"
"603000802", "Arr", "A-LA", "published"
"603000820", "Arr", "A-LA", "published"
"603000839", "Arr", "A-LA", "published"
"603000861", "Arr", "A-LA", "published"
"603000880", "Arr", "A-LA", "published"
"603000901", "Arr", "A-LA", "published"
"603000930", "Arr", "A-LA", "published"
"603000953", "Arr", "A-LA", "published"
"603000961", "Arr", "A-LA", "published"
"603000976", "Arr", "A-LA", "published"
"603000998", "Arr", "A-LA", "published"
"603001016", "Arr", "A-LA", "published"
"603001035", "Arr", "A-LA", "published"
"603001062", "Arr", "A-LA", "published"
"605000500", "Arr", "A-ANS", "published"
"605017181", "9", "A-NAT", "inprogress"
"605017206", "76,1", "A-NAT", "inprogress"
"605017220", "110", "A-NAT", "inprogress"
"605017233", "156", "A-NAT", "inprogress"
"605017246", "80", "A-NAT", "inprogress"
"605017434", "144", "A-MÜ", "inprogress"
"605017456", "46", "A-MÜ", "inprogress"
"605017457", "156", "A-MÜ", "inprogress"
"605017463", "88", "A-MÜ", "inprogress"
"605017467", "178", "A-MÜ", "inprogress"
"605017477", "10", "A-MÜ", "inprogress"
"605017481", "49", "A-MÜ", "inprogress"
"605017483", "121", "A-MÜ", "inprogress"
"605017493", "Cäcilia-Messe in A, op. 62", "A-SFI", "inprogress"
"605017498", "Cäcilia-Messe in D, op. 61", "A-SFI", "inprogress"
"605017504", "147", "A-SFI", "inprogress"
"605017527", "13", "A-MÜ", "inprogress"
"605017531", "33", "A-MÜ", "inprogress"
"605017532", "31", "A-MÜ", "inprogress"
"605017590", "131", "A-NEU", "inprogress"
"605017649", "25", "A-NEU", "inprogress"
"605017735", "-Josefs-Messe", "A-GAS", "inprogress"
"605017741", "104a", "A-GAS", "inprogress"
"605017747", "25", "A-GAS", "inprogress"
"605017765", "Excerpts. Arr", "A-GAS", "inprogress"
"605017768", "Arr", "A-GAS", "inprogress"
"605017778", "166", "A-GAS", "inprogress"
"605017783", "168", "A-GAS", "inprogress"
"605017784", "547", "A-GAS", "inprogress"
"605017820", "188", "A-ALT", "inprogress"
"605017830", "28", "A-ALT", "inprogress"
"605017888", "131", "A-ALT", "inprogress"
"605017894", "33a", "A-ALT", "inprogress"
"605018142", "19", "A-ALT", "inprogress"
"605018155", "12", "A-ALT", "inprogress"
"605018168", "54", "A-ALT", "inprogress"
"605018173", "35", "A-ALT", "inprogress"
"605018339", "213", "A-MUN", "inprogress"
"605018351", "242", "A-MUN", "inprogress"
"605018363", "155", "A-MUN", "inprogress"
"605018364", "110", "A-MUN", "inprogress"
"605018374", "", "A-MUN", "inprogress"
"605018419", "18", "A-MUN", "inprogress"
"605018426", "Arr", "A-MUN", "inprogress"
"605018434", "50", "A-MUN", "inprogress"
"605018435", "Maximilian", "A-MUN", "inprogress"
"605018455", "Arr", "A-MUN", "inprogress"
"605018464", "Arr", "A-MUN", "inprogress"
"605018476", "10", "A-MUN", "inprogress"
"605018477", "150", "A-MUN", "inprogress"
"605018485", "189", "A-MUN", "inprogress"
"605018488", "269", "A-MUN", "inprogress"
"605018489", "271", "A-MUN", "inprogress"
"605018495", "Excerpts. Arr", "A-MUN", "inprogress"
"605018895", "XX/2]", "A-BL", "inprogress"
"605018917", "Arr", "A-BL", "inprogress"
"605018928", "150", "A-BL", "inprogress"
"605018968", "155", "A-BL", "inprogress"
"605018969", "110", "A-BL", "inprogress"
"605019022", "223", "A-LIpsm", "inprogress"
"605019029", "223", "A-LIpsm", "inprogress"
"605019030", "173", "A-LIpsm", "inprogress"
"605019059", "17c", "A-LIpsm", "inprogress"
"605019077", "161a", "A-LIpsm", "inprogress"
"605019080", "24", "A-LIpsm", "inprogress"
"605019088", "17b", "A-LIpsm", "inprogress"
"605019108", "Arr", "A-LIpsm", "inprogress"
"605019146", "27", "A-LIpsm", "inprogress"
"605019161", "40", "A-LIpsm", "inprogress"
"605019168", "260", "A-LIpsm", "inprogress"
"605019181", "156", "A-LIpsm", "inprogress"
"605019225", "d. Fest der unb. Empfängnis Mariens", "A-LIpsm", "inprogress"
"605019250", "62", "A-LIpsm", "inprogress"
"605019263", "18", "A-LIpsm", "inprogress"
"605019265", "133", "A-LIpsm", "inprogress"
"605019268", "133", "A-LIpsm", "inprogress"
"605019307", "Arr", "A-LIpsm", "inprogress"
"605019319", "28, 1", "A-LIpsm", "inprogress"
"605019341", "Arr", "A-LIpsm", "inprogress"
"605019416", "50", "A-SFI", "inprogress"
"605019419", "84", "A-SFI", "inprogress"
"605019990", "80", "A-AST", "inprogress"
"605020021", "14", "A-AST", "inprogress"
"605020022", "178", "A-AST", "inprogress"
"605020023", "Arr", "A-AST", "inprogress"
"605020029", "110", "A-AST", "inprogress"
"605020030", "50", "A-AST", "inprogress"
"605020031", "81", "A-AST", "inprogress"
"605020032", "7", "A-AST", "inprogress"
"605020034", "38", "A-AST", "inprogress"
"605020569", "40", "A-WEY", "inprogress"
"605020609", "49", "A-WEY", "inprogress"
"605020620", "17a", "A-WEY", "inprogress"
"605020621", "17b", "A-WEY", "inprogress"
"605020622", "77", "A-WEY", "inprogress"
"605020664", "Excerpts. Arr", "A-WEY", "inprogress"
"605020693", "80", "A-WEY", "inprogress"
"605020720", "8", "A-WEY", "inprogress"
"605020782", "4 Lfg. 4", "A-WEY", "inprogress"
"605020783", "5 Lfg. 5", "A-WEY", "inprogress"
"605020805", "M.V.", "A-WEY", "inprogress"
"605020809", "V. Maria in C", "A-WEY", "inprogress"
"605020829", "86", "A-WEY", "inprogress"
"605020833", "Charfreitag, op. 131", "A-WEY", "inprogress"
"605020896", "S. Venerab.", "A-WEY", "inprogress"
"605021142", "126", "A-LOH", "inprogress"
"605021206", "188", "A-LOH", "inprogress"
"605021258", "33", "A-LOH", "inprogress"
"605021259", "Karwoche", "A-LOH", "inprogress"
"605021265", "69", "A-LOH", "inprogress"
"605021300", "26a", "A-LOH", "inprogress"
"605021311", "24", "A-LOH", "inprogress"
"605021313", "Excerpts. Arr", "A-LOH", "inprogress"
"605021317", "80, op. 82", "A-LOH", "inprogress"
"605021323", "Arr", "A-LOH", "inprogress"
"605021326", "Arr", "A-LOH", "inprogress"
"605021335", "164, op. 170", "A-LOH", "inprogress"
"605021337", "Arr", "A-LOH", "inprogress"
"605021353", "Arr", "A-LOH", "inprogress"
"605021355", "Arr", "A-LOH", "inprogress"
"605021394", "137", "A-LOH", "inprogress"
"605021404", "80", "A-LOH", "inprogress"
"605021410", "19a", "A-LOH", "inprogress"
"605021413", "Arr", "A-LOH", "inprogress"
"605200426", "Arr", "A-RImiv", "published"
"605200525", "", "A-RImiv", "published"
"605200526", "", "A-RImiv", "published"
"605200529", "Arr", "A-RImiv", "published"
"605200532", "Arr", "A-RImiv", "published"
"605200540", "Arr", "A-RImiv", "published"
"605201291", "Arr", "A-HSm", "published"
"605201305", "Arr", "A-HSm", "published"
"605201309", "Arr", "A-HSm", "published"
"605201348", "Arr", "A-RImiv", "published"
"650000511", "Excerpts. Arr", "A-Imf", "published"
"650000525", "Arr", "A-Imf", "published"
"650000532", "Arr", "A-Imf", "published"
"650000675", "Arr", "A-Imf", "published"
"650000677", "Arr", "A-Imf", "published"
"650000846", "Arr", "A-Imf", "published"
"650000883", "Arr", "A-Imf", "published"
"650003107", "Arr", "A-ST", "published"
"650003986", "Arr", "A-ST", "published"
"650005109", "Arr", "A-ST", "published"
"650005137", "Arr", "A-ST", "published"
"650005147", "Arr", "I-BREd", "published"
"650005483", "Arr", "I-BREd", "published"
"650005545", "Arr", "A-ST", "published"
"650005556", "Arr", "I-BREd", "published"
"650005562", "Arr", "I-BREd", "published"
"650005567", "Arr", "I-BREd", "published"
"650005638", "Arr", "A-ST", "published"
"650005781", "Arr", "A-ST", "published"
"650006601", "Excerpts. Arr", "A-ST", "published"
"650006792", "Excerpts. Arr", "A-ST", "published"
"650006814", "Excerpts. Arr", "A-ST", "published"
"650007204", "Arr", "A-ST", "published"
"650009606", "Excerpts. Arr", "A-ST", "published"
"650011618", "Arr", "I-BREd", "published"
"650012415", "Arr", "I-BREd", "published"
"650014124", "Arr", "I-BREd", "published"
"650014127", "Arr", "I-BREd", "published"
"650014130", "Arr", "I-BREd", "published"
"650014139", "Arr", "I-BREd", "published"
"650014142", "Arr", "I-BREd", "published"
"650014145", "Arr", "I-BREd", "published"
"650014148", "Arr", "I-BREd", "published"
"650014154", "Arr", "I-BREd", "published"
"650014157", "Arr", "I-BREd", "published"
"650014161", "Arr", "I-BREd", "published"
"651003620", "Arr", "A-HALn", "published"
"651005810", "Excerpts. Arr", "A-HALn", "published"
"659306685", "11, A-Dur (KV 331; KV 300i) [wid:5052]", "A-Sm", "inprogress"
"700001330", "Arr", "B-Bc", "published"
"700007261", "Excerpts. Arr", "B-Br", "published"
"701000462", "Arr", "B-Br", "published"
"701000617", "Arr", "B-Br", "published"
"701000912", "Arr", "B-Br", "published"
"701000934", "Excerpts. Arr", "B-Br", "published"
"701001128", "Arr", "B-Br", "published"
"701001507", "Arr", "B-Br", "published"
"702002524", "Arr", "B-Bc", "published"
"702003433", "Excerpts. Arr", "B-Bc", "published"
"702003521", "Excerpts. Arr", "B-Bc", "published"
"703000322", "Arr", "B-Bc", "published"
"703003939", "Excerpts. Arr", "B-Bc", "published"
"703004151", "Excerpts. Arr", "B-Bc", "published"
"704001701", "Arr", "B-Br", "published"
"704002882", "Excerpts. Arr", "B-Bc", "published"
"705001089", "Excerpts. Arr", "B-Bc", "published"
"705001589", "Arr", "B-Bc", "published"
"705001694", "Arr", "B-Bc", "published"
"706000112", "Excerpts. Arr", "B-Bc", "published"
"706000147", "Arr", "B-Bc", "published"
"706000168", "Arr", "B-Bc", "published"
"706001149", "Excerpts. Arr", "B-Bc", "published"
"800000951", "Excerpts. Arr", "GB-P", "published"
"800000957", "Excerpts. Arr", "GB-P", "published"
"800070047", "Excerpts. Arr", "GB-Gu", "published"
"800070048", "Excerpts. Arr", "GB-Gu", "published"
"800070078", "Excerpts. Arr", "GB-Gu", "published"
"800070079", "Excerpts. Arr", "GB-Gu", "published"
"800070082", "Excerpts. Arr", "GB-Gu", "published"
"800070099", "Excerpts. Arr", "GB-Gu", "published"
"800070101", "Excerpts. Arr", "GB-Gu", "published"
"800070103", "Excerpts. Arr", "GB-Gu", "published"
"800070105", "Excerpts. Arr", "GB-Gu", "published"
"800070106", "Excerpts. Arr", "GB-Gu", "published"
"800070107", "Excerpts. Arr", "GB-Gu", "published"
"800070108", "Excerpts. Arr", "GB-Gu", "published"
"800070109", "Excerpts. Arr", "GB-Gu", "published"
"800070111", "Excerpts. Arr", "GB-Gu", "published"
"800070115", "Excerpts. Arr", "GB-Gu", "published"
"800070118", "Excerpts. Arr", "GB-Gu", "published"
"800070120", "Excerpts. Arr", "GB-Gu", "published"
"800070122", "Excerpts. Arr", "GB-Gu", "published"
"800070125", "Excerpts. Arr", "GB-Gu", "published"
"800070130", "Excerpts. Arr", "GB-Gu", "published"
"800070131", "Excerpts. Arr", "GB-Gu", "published"
"800070133", "Excerpts. Arr", "GB-Gu", "published"
"800070136", "Excerpts. Arr", "GB-Gu", "published"
"800070137", "Excerpts. Arr", "GB-Gu", "published"
"800070138", "Excerpts. Arr", "GB-Gu", "published"
"800070139", "Excerpts. Arr", "GB-Gu", "published"
"800070140", "Excerpts. Arr", "GB-Gu", "published"
"800070141", "Excerpts. Arr", "GB-Gu", "published"
"800070144", "Excerpts. Arr", "GB-Gu", "published"
"800070145", "Excerpts. Arr", "GB-Gu", "published"
"800070146", "Excerpts. Arr", "GB-Gu", "published"
"800070148", "Excerpts. Arr", "GB-Gu", "published"
"800070171", "Excerpts. Arr", "GB-Gu", "published"
"800070172", "Excerpts. Arr", "GB-Gu", "published"
"800070173", "Excerpts. Arr", "GB-Gu", "published"
"800070179", "Excerpts. Arr", "GB-Gu", "published"
"800070180", "Excerpts. Arr", "GB-Gu", "published"
"800070483", "Excerpts. Arr", "GB-Ge", "published"
"800070505", "Excerpts. Arr", "GB-Ge", "published"
"800070516", "Excerpts. Arr", "GB-Ge", "published"
"800070524", "Excerpts. Arr", "GB-Ge", "published"
"800070527", "Excerpts. Arr", "GB-Ge", "published"
"800070537", "Excerpts. Arr", "GB-Ge", "published"
"800227324", "Excerpts. Arr", "GB-Ob", "published"
"800227368", "Excerpts. Arr", "GB-Ob", "published"
"800238859", "Excerpts. Arr", "GB-Lbl", "published"
"800256539", "Arr", "GB-Lbl", "published"
"800256801", "Arr", "GB-Lbl", "published"
"800256879", "Arr", "GB-Lbl", "published"
"800256951", "Arr", "GB-Lbl", "published"
"800259031", "Arr", "GB-Lbl", "published"
"800273228", "Arr", "GB-Ob", "published"
"800273596", "Arr", "GB-Ob", "published"
"806294745", "Excerpts. Arr", "GB-Cu", "published"
"840001883", "Arr", "F-Ssp", "published"
"840001892", "Excerpts. Arr", "F-Ssp", "published"
"840001893", "Excerpts. Arr", "F-Ssp", "published"
"840001894", "Excerpts. Arr", "F-Ssp", "published"
"840001895", "Excerpts. Arr", "F-Ssp", "published"
"840001897", "Excerpts. Arr", "F-Ssp", "published"
"840002677", "Arr", "F-AG", "published"
"840003263", "Excerpts. Arr", "F-Lm", "published"
"840003265", "Excerpts. Arr", "F-Lm", "published"
"840003703", "Excerpts. Arr", "F-Lm", "published"
"850001302", "Arr", "I-PEsp", "published"
"850001461", "Arr", "I-PEsp", "published"
"850004283", "Arr", "I-Fa", "published"
"850005511", "Arr", "I-BGc", "published"
"850006281", "Excerpts. Arr", "I-BGc", "published"
"850007702", "Arr", "I-Tf", "published"
"850010892", "Arr", "I-BRc", "published"
"850011311", "Excerpts. Arr", "I-Vlevi", "published"
"850012183", "Excerpts. Arr", "I-Tci", "published"
"850012186", "Excerpts. Arr", "I-Tci", "published"
"850014869", "Arr", "I-BGi", "published"
"850015731", "Arr", "I-PLcon", "published"
"850026137", "Fragments. Arr", "I-Rc", "published"
"850026373", "Arr", "I-Rc", "published"
"850027256", "Excerpts. Arr", "I-Rsc", "published"
"850029719", "Arr", "I-Vc", "published"
"850032378", "Arr", "I-Rama", "published"
"850039534", "Excerpts. Arr", "I-VId", "published"
"850040258", "Arr", "I-PANd", "published"
"850040309", "Excerpts. Arr", "I-PANd", "published"
"850041118", "Arr", "I-Rama", "published"
"850509003", "Excerpts. Arr", "I-Ribimus", "published"
"850509023", "Excerpts. Arr", "I-Ribimus", "published"
"850509046", "Excerpts. Arr", "I-Ribimus", "published"
"850509091", "Excerpts. Arr", "I-Ribimus", "published"
"850509148", "Excerpts. Arr", "I-Ribimus", "published"
"850509154", "Excerpts. Arr", "I-Ribimus", "published"
"851002511", "Arr", "I-Mdemicheli", "published"
"851002532", "Excerpts. Arr", "I-Mdemicheli", "published"
"851002546", "Arr", "I-Mdemicheli", "published"
"851002576", "Excerpts. Arr", "I-Mdemicheli", "published"
"851002580", "Excerpts. Arr", "I-Mdemicheli", "published"
"852015011", "Excerpts. Arr", "I-MC", "published"
"852015016", "Arr", "I-MC", "published"
"852015022", "Arr", "I-MC", "published"
"852015548", "Excerpts. Arr", "I-MC", "published"
"852015574", "Excerpts. Arr", "I-MC", "published"
"852015579", "Excerpts. Arr", "I-MC", "published"
"852015614", "Excerpts. Arr", "I-MC", "published"
"852016340", "Arr", "I-MC", "published"
"852016631", "Excerpts. Arr", "I-MC", "published"
"852016637", "Arr", "I-MC", "published"
"852016855", "Arr", "I-MC", "published"
"852028485", "Excerpts. Arr", "I-MC", "published"
"852029658", "Excerpts. Arr", "I-MC", "published"
"852030201", "Arr", "I-MC", "published"
"852031117", "Arr", "I-MC", "published"
"852031390", "Arr", "I-MC", "published"
"852031756", "Excerpts. Arr", "I-MC", "published"
"852031775", "Arr", "I-MC", "published"
"852032079", "Excerpts. Arr", "I-MC", "published"
"852032352", "Arr", "I-MC", "published"
"852033197", "Excerpts. Arr", "I-MC", "published"
"852034155", "Arr", "I-MC", "published"
"852034584", "Arr", "I-MC", "published"
"852034729", "Arr", "I-MC", "published"
"852035048", "Arr", "I-MC", "published"
"852035051", "Arr", "I-MC", "published"
"852035095", "Excerpts. Arr", "I-MC", "published"
"852035318", "Excerpts. Arr", "I-MC", "published"
"852035625", "Excerpts. Arr", "I-MC", "published"
"852036540", "Arr", "I-MC", "published"
"852036567", "Excerpts. Arr", "I-MC", "published"
"852036575", "Excerpts. Arr", "I-MC", "published"
"852036622", "Arr", "I-MC", "published"
"852036716", "Excerpts. Arr", "I-MC", "published"
"853000018", "Arr", "I-Raf", "published"
"853000815", "Excerpts. Arr", "I-Raf", "published"
"853000961", "Excerpts. Arr", "I-Raf", "published"
"853001199", "Arr", "I-Raf", "published"
"853001309", "Excerpts. Arr", "I-Raf", "published"
"853001323", "Excerpts. Arr", "I-Raf", "published"
"853001334", "Excerpts. Arr", "I-Raf", "published"
"853001760", "Arr", "I-Raf", "published"
"853001914", "Excerpts. Arr", "I-Raf", "published"
"853001972", "Arr", "I-Raf", "published"
"854003017", "Arr", "I-Ria", "published"
"854003155", "Excerpts. Arr", "I-Ria", "published"
"854003430", "Arr", "I-Ria", "published"
"854003442", "Excerpts. Arr", "I-Ria", "published"
"854003468", "Excerpts. Arr", "I-Ria", "published"
"854003502", "Arr", "I-Ria", "published"
"854003695", "Arr", "I-Ria", "published"
"854003769", "Excerpts. Arr", "I-Ria", "published"
"854004536", "Excerpts. Arr", "I-Ria", "published"
"854004613", "Arr", "I-Ria", "published"
"854004688", "Excerpts. Arr", "I-Ria", "published"
"854004711", "Excerpts. Arr", "I-Ria", "published"
"854004718", "Excerpts. Arr", "I-Ria", "published"
"854004978", "Excerpts. Arr", "I-Ria", "published"
"854005280", "Arr", "I-Ria", "published"
"854006040", "Arr", "I-Ria", "published"
"900005935", "Excerpts. Arr", "US-NH", "published"
"900020000", "Excerpts. Arr", "US-CAward", "published"
"900020409", "Excerpts. Arr", "US-CAward", "published"
"900020523", "Excerpts. Arr", "US-CAward", "published"
"900020710", "Excerpts. Arr", "US-CAward", "published"
"900020940", "Excerpts. Arr", "US-CAward", "published"
"900020950", "Excerpts. Arr", "US-CAward", "published"
"989000013", "Conti", "D-B", "inprogress"
"989000021", "Notenbuch der Anna Magdalena Bach, 1725)", "D-B", "inprogress"
"989000054", "Conti", "D-B", "inprogress"
"989000064", "Teil)", "D-B", "inprogress"
"989000066", "Teil)", "D-B", "inprogress"
"989000078", "Teil)", "D-B", "inprogress"
"989000086", "F. Bach)", "D-B", "inprogress"
"989000087", "F. Bach)", "D-B", "inprogress"
"989000149", "Satz", "D-B", "inprogress"
"989000164", "F. Bach)", "D-B", "inprogress"
"989000185", "Fassung)", "D-B", "inprogress"
"989000196", "Fassung)", "D-B", "inprogress"
"989000221", "Sonate Es-Dur", "D-B", "inprogress"
"989000222", "Sonate c-Moll", "D-B", "inprogress"
"989000223", "Sonate d-Moll", "D-B", "inprogress"
"989000224", "Sonate C-Dur", "D-B", "inprogress"
"989000225", "Sonate G-Dur", "D-B", "inprogress"
"989000226", "Sonate e-Moll", "D-B", "inprogress"
"989000266", "Fassung)", "D-B", "inprogress"
"989000439", "Fassung)", "D-B", "inprogress"
"989000455", "Fassung)", "D-B", "inprogress"
"989000481", "Kaffee-Kantate)", "D-B", "inprogress"
"989000678", "Legrenzi)", "D-B", "inprogress"
"989000694", "Legrenzi)", "D-B", "inprogress"
"989000773", "1)", "D-B", "inprogress"
"989000774", "3)", "D-B", "inprogress"
"989000775", "7)", "D-B", "inprogress"
"989000776", "1)", "D-B", "inprogress"
"989000777", "5)", "D-B", "inprogress"
"989000778", "4)", "D-B", "inprogress"
"989000804", "", "D-B", "inprogress"
"989000809", "Teil)", "D-B", "inprogress"
"989000810", "Teil)", "D-B", "inprogress"
"989000812", "Teil)", "D-B", "inprogress"
"989000813", "Teil)", "D-B", "inprogress"
"989000815", "Teil)", "D-B", "inprogress"
"989000816", "Teil)", "D-B", "inprogress"
"989000817", "Teil)", "D-B", "inprogress"
"989000820", "Teil)", "D-B", "inprogress"
"989000821", "Teil)", "D-B", "inprogress"
"989000822", "Teil)", "D-B", "inprogress"
"989000823", "Teil)", "D-B", "inprogress"
"989000824", "Teil)", "D-B", "inprogress"
"989000825", "Teil)", "D-B", "inprogress"
"989000826", "Teil)", "D-B", "inprogress"
"989000827", "Teil)", "D-B", "inprogress"
"989000828", "Teil)", "D-B", "inprogress"
"989000834", "C-Dur", "D-B", "inprogress"
"989000835", "c-Moll", "D-B", "inprogress"
"989000836", "D-Dur", "D-B", "inprogress"
"989000837", "d-Moll", "D-B", "inprogress"
"989000838", "Es-Dur", "D-B", "inprogress"
"989000839", "E-Dur", "D-B", "inprogress"
"989000840", "e-Moll", "D-B", "inprogress"
"989000841", "F-Dur", "D-B", "inprogress"
"989000842", "f-Moll", "D-B", "inprogress"
"989000843", "G-Dur", "D-B", "inprogress"
"989000844", "g-Moll", "D-B", "inprogress"
"989000845", "A-Dur", "D-B", "inprogress"
"989000846", "a-Moll", "D-B", "inprogress"
"989000847", "B-Dur", "D-B", "inprogress"
"989000848", "h-Moll", "D-B", "inprogress"
"989000849", "C-Dur", "D-B", "inprogress"
"989000850", "c-Moll", "D-B", "inprogress"
"989000851", "D-Dur", "D-B", "inprogress"
"989000852", "d-Moll", "D-B", "inprogress"
"989000853", "E-Dur", "D-B", "inprogress"
"989000854", "e-Moll", "D-B", "inprogress"
"989000855", "F-Dur", "D-B", "inprogress"
"989000856", "f-Moll", "D-B", "inprogress"
"989000857", "G-Dur", "D-B", "inprogress"
"989000858", "g-Moll", "D-B", "inprogress"
"989000859", "A-Dur", "D-B", "inprogress"
"989000860", "a-Moll", "D-B", "inprogress"
"989000861", "B-Dur", "D-B", "inprogress"
"989000862", "h-Moll", "D-B", "inprogress"
"989000863", "Es-Dur", "D-B", "inprogress"
"989000865", "C-Dur (triolierte Variante)", "D-B", "inprogress"
"989000866", "C-Dur", "D-B", "inprogress"
"989000867", "c-Moll", "D-B", "inprogress"
"989000868", "c-Moll", "D-B", "inprogress"
"989000869", "D-Dur", "D-B", "inprogress"
"989000870", "D-Dur", "D-B", "inprogress"
"989000871", "d-Moll", "D-B", "inprogress"
"989000872", "d-Moll", "D-B", "inprogress"
"989000873", "Es-Dur", "D-B", "inprogress"
"989000874", "Es-Dur", "D-B", "inprogress"
"989000875", "E-Dur", "D-B", "inprogress"
"989000876", "E-Dur", "D-B", "inprogress"
"989000877", "e-Moll", "D-B", "inprogress"
"989000878", "e-Moll", "D-B", "inprogress"
"989000879", "F-Dur", "D-B", "inprogress"
"989000880", "F-Dur", "D-B", "inprogress"
"989000881", "f-Moll", "D-B", "inprogress"
"989000882", "f-Moll", "D-B", "inprogress"
"989000883", "G-Dur", "D-B", "inprogress"
"989000884", "G-Dur", "D-B", "inprogress"
"989000885", "g-Moll", "D-B", "inprogress"
"989000886", "g-Moll", "D-B", "inprogress"
"989000887", "A-Dur", "D-B", "inprogress"
"989000888", "A-Dur", "D-B", "inprogress"
"989000889", "a-Moll", "D-B", "inprogress"
"989000890", "a-Moll", "D-B", "inprogress"
"989000891", "B-Dur", "D-B", "inprogress"
"989000892", "B-Dur", "D-B", "inprogress"
"989000893", "h-Moll", "D-B", "inprogress"
"989000894", "h-Moll", "D-B", "inprogress"
"989000897", "C-Dur", "D-B", "inprogress"
"989000898", "C-Dur", "D-B", "inprogress"
"989000899", "d-Moll", "D-B", "inprogress"
"989000900", "e-Moll", "D-B", "inprogress"
"989000901", "F-Dur", "D-B", "inprogress"
"989000902", "G-Dur", "D-B", "inprogress"
"989000903", "G-Dur", "D-B", "inprogress"
"989000904", "a-Moll", "D-B", "inprogress"
"989000905", "h-Moll", "D-B", "inprogress"
"989000906", "B-Dur", "D-B", "inprogress"
"989000907", "A-Dur", "D-B", "inprogress"
"989000908", "A-Dur", "D-B", "inprogress"
"989000909", "g-Moll", "D-B", "inprogress"
"989000910", "f-Moll", "D-B", "inprogress"
"989000911", "E-Dur", "D-B", "inprogress"
"989000912", "E-Dur", "D-B", "inprogress"
"989000913", "Es-Dur", "D-B", "inprogress"
"989000914", "D-Dur", "D-B", "inprogress"
"989000915", "c-Moll", "D-B", "inprogress"
"989000916", "d-Moll", "D-B", "inprogress"
"989000917", "e-Moll", "D-B", "inprogress"
"989000918", "F-Dur", "D-B", "inprogress"
"989000919", "a-Moll", "D-B", "inprogress"
"989000920", "h-Moll", "D-B", "inprogress"
"989000921", "B-Dur", "D-B", "inprogress"
"989000922", "g-Moll", "D-B", "inprogress"
"989000923", "f-Moll", "D-B", "inprogress"
"989000924", "Es-Dur", "D-B", "inprogress"
"989000925", "D-Dur", "D-B", "inprogress"
"989000926", "c-Moll", "D-B", "inprogress"
"989000929", "Sonate d-Moll", "D-B", "inprogress"
"989000933", "Sonate c-Moll", "D-B", "inprogress"
"989001020", "Legrenzi)", "D-B", "inprogress"
"989001034", "Teil)", "D-B", "inprogress"
"989001035", "Teil)", "D-B", "inprogress"
"989001037", "Teil)", "D-B", "inprogress"
"989001038", "Teil)", "D-B", "inprogress"
"989001040", "Teil)", "D-B", "inprogress"
"989001041", "Teil)", "D-B", "inprogress"
"989001042", "Teil)", "D-B", "inprogress"
"989001045", "Teil)", "D-B", "inprogress"
"989001046", "Teil)", "D-B", "inprogress"
"989001047", "Teil)", "D-B", "inprogress"
"989001048", "Teil)", "D-B", "inprogress"
"989001049", "Teil)", "D-B", "inprogress"
"989001050", "Teil)", "D-B", "inprogress"
"989001051", "Teil)", "D-B", "inprogress"
"989001052", "Teil)", "D-B", "inprogress"
"989001053", "Teil)", "D-B", "inprogress"
"989001054", "Teil)", "D-B", "inprogress"
"989001063", "Brandenburgisches Konzert F-Dur", "D-B", "inprogress"
"989001064", "Brandenburgisches Konzert G-Dur", "D-B", "inprogress"
"989001066", "Brandenburgisches Konzert D-Dur", "D-B", "inprogress"
"989001067", "Brandenburgisches Konzert D-Dur", "D-B", "inprogress"
"989001068", "Brandenburgisches Konzert D-Dur", "D-B", "inprogress"
"989001069", "Brandenburgisches Konzert B-Dur", "D-B", "inprogress"
"989001070", "Brandenburgisches Konzert B-Dur", "D-B", "inprogress"
"989001077", "Sonate Es-Dur", "D-B", "inprogress"
"989001078", "Sonate d-Moll", "D-B", "inprogress"
"989001079", "Sonate e-Moll", "D-B", "inprogress"
"989001080", "Sonate C-Dur", "D-B", "inprogress"
"989001081", "Sonate G-Dur", "D-B", "inprogress"
"989001082", "Sonate c-Moll", "D-B", "inprogress"
"989001098", "Sonate Es-Dur", "D-B", "inprogress"
"989001099", "Sonate c-Moll", "D-B", "inprogress"
"989001100", "Sonate d-Moll", "D-B", "inprogress"
"989001101", "Sonate e-Moll", "D-B", "inprogress"
"989001102", "Sonate C-Dur", "D-B", "inprogress"
"989001103", "Sonate G-Dur", "D-B", "inprogress"
"989001113", "Legrenzi)", "D-B", "inprogress"
"989001214", "Teil)", "D-B", "inprogress"
"989001237", "Vivaldi, RV 208)", "D-B", "inprogress"
"989001252", "Teil)", "D-B", "inprogress"
"989001254", "Teil)", "D-B", "inprogress"
"989001255", "Teil)", "D-B", "inprogress"
"989001289", "Vivaldi, op. 3 Nr. 8)", "D-B", "inprogress"
"989001300", "Vivaldi, op. 3 Nr. 11)", "D-B", "inprogress"
"989001310", "c-Moll", "D-B", "inprogress"
"989001311", "f-Moll", "D-B", "inprogress"
"989001312", "E-Dur", "D-B", "inprogress"
"989001353", "Sonate d-Moll", "D-B", "inprogress"
"989001354", "Sonate c-Moll", "D-B", "inprogress"
"989001372", "Sonate Es-Dur", "D-B", "inprogress"
"989001373", "Sonate c-Moll", "D-B", "inprogress"
"989001374", "Sonate d-Moll", "D-B", "inprogress"
"989001375", "Sonate e-Moll", "D-B", "inprogress"
"989001376", "Sonate C-Dur", "D-B", "inprogress"
"989001377", "Sonate G-Dur", "D-B", "inprogress"
"989001379", "C-Dur (triolierte Variante)", "D-B", "inprogress"
"989001380", "C-Dur", "D-B", "inprogress"
"989001381", "c-Moll", "D-B", "inprogress"
"989001382", "D-Dur", "D-B", "inprogress"
"989001383", "D-Dur", "D-B", "inprogress"
"989001384", "d-Moll", "D-B", "inprogress"
"989001385", "d-Moll", "D-B", "inprogress"
"989001386", "Es-Dur", "D-B", "inprogress"
"989001387", "Es-Dur", "D-B", "inprogress"
"989001388", "E-Dur", "D-B", "inprogress"
"989001389", "E-Dur", "D-B", "inprogress"
"989001390", "e-Moll", "D-B", "inprogress"
"989001391", "e-Moll", "D-B", "inprogress"
"989001392", "F-Dur", "D-B", "inprogress"
"989001393", "F-Dur", "D-B", "inprogress"
"989001394", "f-Moll", "D-B", "inprogress"
"989001395", "f-Moll", "D-B", "inprogress"
"989001396", "G-Dur", "D-B", "inprogress"
"989001397", "G-Dur", "D-B", "inprogress"
"989001398", "g-Moll", "D-B", "inprogress"
"989001399", "g-Moll", "D-B", "inprogress"
"989001400", "A-Dur", "D-B", "inprogress"
"989001401", "A-Dur", "D-B", "inprogress"
"989001402", "a-Moll", "D-B", "inprogress"
"989001403", "a-Moll", "D-B", "inprogress"
"989001404", "B-Dur", "D-B", "inprogress"
"989001405", "B-Dur", "D-B", "inprogress"
"989001406", "h-Moll", "D-B", "inprogress"
"989001407", "h-Moll", "D-B", "inprogress"
"989001409", "C-Dur", "D-B", "inprogress"
"989001413", "c-Moll", "D-B", "inprogress"
"989001436", "Brandenburgisches Konzert F-Dur", "D-B", "inprogress"
"989001437", "Brandenburgisches Konzert D-Dur", "D-B", "inprogress"
"989001438", "Brandenburgisches Konzert B-Dur", "D-B", "inprogress"
"989001460", "Brandenburgisches Konzert G-Dur", "D-B", "inprogress"
"989001549", "Choral)", "D-B", "inprogress"
"989001567", "Sonate e-Moll", "D-B", "inprogress"
"989001738", "C-Dur", "D-B", "inprogress"
"989001739", "c-Moll", "D-B", "inprogress"
"989001740", "D-Dur", "D-B", "inprogress"
"989001741", "d-Moll", "D-B", "inprogress"
"989001742", "Es-Dur", "D-B", "inprogress"
"989001743", "E-Dur", "D-B", "inprogress"
"989001744", "F-Dur", "D-B", "inprogress"
"989001745", "f-Moll", "D-B", "inprogress"
"989001746", "G-Dur", "D-B", "inprogress"
"989001747", "A-Dur", "D-B", "inprogress"
"989001748", "a-Moll", "D-B", "inprogress"
"989001749", "h-Moll", "D-B", "inprogress"
"989001750", "C-Dur", "D-B", "inprogress"
"989001751", "c-Moll", "D-B", "inprogress"
"989001752", "d-Moll", "D-B", "inprogress"
"989001753", "Es-Dur", "D-B", "inprogress"
"989001754", "e-Moll", "D-B", "inprogress"
"989001755", "F-Dur", "D-B", "inprogress"
"989001756", "f-Moll", "D-B", "inprogress"
"989001757", "g-Moll", "D-B", "inprogress"
"989001758", "A-Dur", "D-B", "inprogress"
"989001759", "B-Dur", "D-B", "inprogress"
"989001760", "h-Moll", "D-B", "inprogress"
"989001761", "e-Moll", "D-B", "inprogress"
"989001762", "g-Moll", "D-B", "inprogress"
"989001763", "B-Dur", "D-B", "inprogress"
"989001764", "D-Dur", "D-B", "inprogress"
"989001765", "E-Dur", "D-B", "inprogress"
"989001766", "G-Dur", "D-B", "inprogress"
"989001767", "a-Moll", "D-B", "inprogress"
"989001848", "Choral)", "D-B", "inprogress"
"989001866", "Teil)", "D-B", "inprogress"
"989001904", "Teil)", "D-B", "inprogress"
"989001905", "Teil)", "D-B", "inprogress"
"989001907", "Teil)", "D-B", "inprogress"
"989001908", "Teil)", "D-B", "inprogress"
"989001910", "Teil)", "D-B", "inprogress"
"989001911", "Teil)", "D-B", "inprogress"
"989001912", "Teil)", "D-B", "inprogress"
"989001913", "Teil)", "D-B", "inprogress"
"989001914", "Teil)", "D-B", "inprogress"
"989001922", "Brandenburgisches Konzert G-Dur", "D-B", "inprogress"
"989001983", "Fassung)", "D-B", "inprogress"
"989002057", "Fassung)", "D-B", "inprogress"
"989002059", "Fassung)", "D-B", "inprogress"
"989002073", "E", "D-B", "inprogress"
"989002097", "Fassung)", "D-B", "inprogress"
"989002114", "Vivaldi, RV 208)", "D-B", "inprogress"
"989002120", "Teil)", "D-B", "inprogress"
"989002123", "Praeludium und Fuge d-Moll", "D-B", "inprogress"
"989002127", "B-Dur", "D-B", "inprogress"
"989002128", "h-Moll", "D-B", "inprogress"
"989002144", "Teil)", "D-B", "inprogress"
"989002148", "Vivaldi, op. 3 Nr. 8)", "D-B", "inprogress"
"989002173", "C-Dur", "D-B", "inprogress"
"989002174", "d-Moll", "D-B", "inprogress"
"989002175", "d-Moll", "D-B", "inprogress"
"989002176", "e-Moll", "D-B", "inprogress"
"989002177", "F-Dur", "D-B", "inprogress"
"989002178", "G-Dur", "D-B", "inprogress"
"989002179", "a-Moll", "D-B", "inprogress"
"989002180", "a-Moll", "D-B", "inprogress"
"989002181", "h-Moll", "D-B", "inprogress"
"989002182", "B-Dur", "D-B", "inprogress"
"989002183", "A-Dur", "D-B", "inprogress"
"989002184", "g-Moll", "D-B", "inprogress"
"989002185", "g-Moll", "D-B", "inprogress"
"989002186", "f-Moll", "D-B", "inprogress"
"989002187", "E-Dur", "D-B", "inprogress"
"989002188", "Es-Dur", "D-B", "inprogress"
"989002189", "Es-Dur", "D-B", "inprogress"
"989002190", "D-Dur", "D-B", "inprogress"
"989002191", "c-Moll", "D-B", "inprogress"
"989002192", "C-Dur", "D-B", "inprogress"
"989002193", "e-Moll", "D-B", "inprogress"
"989002194", "F-Dur", "D-B", "inprogress"
"989002195", "G-Dur", "D-B", "inprogress"
"989002196", "h-Moll", "D-B", "inprogress"
"989002197", "B-Dur", "D-B", "inprogress"
"989002198", "A-Dur", "D-B", "inprogress"
"989002199", "f-Moll", "D-B", "inprogress"
"989002200", "E-Dur", "D-B", "inprogress"
"989002201", "D-Dur", "D-B", "inprogress"
"989002202", "c-Moll", "D-B", "inprogress"
"989002232", "C-Dur", "D-B", "inprogress"
"989002233", "c-Moll", "D-B", "inprogress"
"989002234", "D-Dur", "D-B", "inprogress"
"989002235", "d-Moll", "D-B", "inprogress"
"989002236", "Es-Dur", "D-B", "inprogress"
"989002237", "E-Dur", "D-B", "inprogress"
"989002238", "e-Moll", "D-B", "inprogress"
"989002239", "F-Dur", "D-B", "inprogress"
"989002240", "f-Moll", "D-B", "inprogress"
"989002320", "Teil)", "D-B", "inprogress"
"989002321", "Teil)", "D-B", "inprogress"
"989002322", "Teil)", "D-B", "inprogress"
"989002323", "Teil)", "D-B", "inprogress"
"989002324", "Teil)", "D-B", "inprogress"
"989002325", "Teil)", "D-B", "inprogress"
"989002327", "Teil)", "D-B", "inprogress"
"989002328", "Teil)", "D-B", "inprogress"
"989002329", "Teil)", "D-B", "inprogress"
"989002331", "Teil)", "D-B", "inprogress"
"989002337", "Teil)", "D-B", "inprogress"
"989002366", "Sonate Es-Dur", "D-B", "inprogress"
"989002372", "f-Moll", "D-B", "inprogress"
"989002381", "Teil)", "D-B", "inprogress"
"989002382", "Teil)", "D-B", "inprogress"
"989002383", "Teil)", "D-B", "inprogress"
"989002384", "Teil)", "D-B", "inprogress"
"989002385", "Teil)", "D-B", "inprogress"
"989002410", "F. Bach)", "D-B", "inprogress"
"989002428", "Notenbuch der Anna Magdalena Bach, 1725)", "D-B", "inprogress"
"989002456", "Notenbuch der Anna Magdalena Bach, 1725)", "D-B", "inprogress"
"989002492", "F. Bach)", "D-B", "inprogress"
"989002493", "F. Bach)", "D-B", "inprogress"
"989002494", "F. Bach)", "D-B", "inprogress"
"989002495", "F. Bach)", "D-B", "inprogress"
"989002594", "Corelli)", "D-B", "inprogress"
"989002618", "Satz", "D-B", "inprogress"
"989002644", "C-Dur", "D-B", "inprogress"
"989002645", "c-Moll", "D-B", "inprogress"
"989002646", "D-Dur", "D-B", "inprogress"
"989002647", "d-Moll", "D-B", "inprogress"
"989002648", "Es-Dur", "D-B", "inprogress"
"989002649", "E-Dur", "D-B", "inprogress"
"989002650", "e-Moll", "D-B", "inprogress"
"989002651", "F-Dur", "D-B", "inprogress"
"989002652", "f-Moll", "D-B", "inprogress"
"989002653", "G-Dur", "D-B", "inprogress"
"989002654", "g-Moll", "D-B", "inprogress"
"989002655", "A-Dur", "D-B", "inprogress"
"989002656", "a-Moll", "D-B", "inprogress"
"989002657", "B-Dur", "D-B", "inprogress"
"989002658", "h-Moll", "D-B", "inprogress"
"989002659", "C-Dur", "D-B", "inprogress"
"989002660", "c-Moll", "D-B", "inprogress"
"989002661", "D-Dur", "D-B", "inprogress"
"989002662", "d-Moll", "D-B", "inprogress"
"989002663", "Es-Dur", "D-B", "inprogress"
"989002664", "e-Moll", "D-B", "inprogress"
"989002665", "F-Dur", "D-B", "inprogress"
"989002666", "f-Moll", "D-B", "inprogress"
"989002667", "g-Moll", "D-B", "inprogress"
"989002668", "A-Dur", "D-B", "inprogress"
"989002669", "B-Dur", "D-B", "inprogress"
"989002670", "h-Moll", "D-B", "inprogress"
"989002671", "E-Dur", "D-B", "inprogress"
"989002672", "G-Dur", "D-B", "inprogress"
"989002673", "a-Moll", "D-B", "inprogress"
"989002690", "F. Bach)", "D-B", "inprogress"
"989002701", "Legrenzi)", "D-B", "inprogress"
"989002705", "Fassung)", "D-B", "inprogress"
"989002716", "Vivace, A la desesperade)", "D-B", "inprogress"
"989002717", "Vivace, A la desesperade)", "D-B", "inprogress"
"989002718", "Vivace, A la desesperade)", "D-B", "inprogress"
"989002750", "Teil)", "D-B", "inprogress"
"989002751", "Teil)", "D-B", "inprogress"
"989002752", "Teil)", "D-B", "inprogress"
"989002760", "Teil)", "D-B", "inprogress"
"989002766", "C-Dur", "D-B", "inprogress"
"989002767", "C-Dur", "D-B", "inprogress"
"989002768", "d-Moll", "D-B", "inprogress"
"989002769", "d-Moll", "D-B", "inprogress"
"989002770", "e-Moll", "D-B", "inprogress"
"989002771", "e-Moll", "D-B", "inprogress"
"989002772", "F-Dur", "D-B", "inprogress"
"989002773", "F-Dur", "D-B", "inprogress"
"989002774", "G-Dur", "D-B", "inprogress"
"989002775", "G-Dur", "D-B", "inprogress"
"989002776", "a-Moll", "D-B", "inprogress"
"989002777", "a-Moll", "D-B", "inprogress"
"989002778", "h-Moll", "D-B", "inprogress"
"989002779", "h-Moll", "D-B", "inprogress"
"989002780", "B-Dur", "D-B", "inprogress"
"989002781", "B-Dur", "D-B", "inprogress"
"989002782", "A-Dur", "D-B", "inprogress"
"989002783", "A-Dur", "D-B", "inprogress"
"989002784", "g-Moll", "D-B", "inprogress"
"989002785", "g-Moll", "D-B", "inprogress"
"989002786", "f-Moll", "D-B", "inprogress"
"989002787", "f-Moll", "D-B", "inprogress"
"989002788", "E-Dur", "D-B", "inprogress"
"989002789", "E-Dur", "D-B", "inprogress"
"989002790", "Es-Dur", "D-B", "inprogress"
"989002791", "Es-Dur", "D-B", "inprogress"
"989002792", "D-Dur", "D-B", "inprogress"
"989002793", "D-Dur", "D-B", "inprogress"
"989002794", "c-Moll", "D-B", "inprogress"
"989002795", "c-Moll", "D-B", "inprogress"
"989002797", "Sonate Es-Dur", "D-B", "inprogress"
"989002798", "Sonate c-Moll", "D-B", "inprogress"
"989002799", "Sonate d-Moll", "D-B", "inprogress"
"989002800", "Sonate e-Moll", "D-B", "inprogress"
"989002801", "Sonate C-Dur", "D-B", "inprogress"
"989002802", "Sonate G-Dur", "D-B", "inprogress"
"989002804", "Fassung)", "D-B", "inprogress"
"989002809", "Kaffee-Kantate)", "D-B", "inprogress"
"989002876", "Fassung)", "D-B", "inprogress"
"989002891", "Vivaldi, op. 3 Nr. 8)", "D-B", "inprogress"
"989002959", "Sonate d-Moll", "D-B", "inprogress"
"989003106", "Sonate Es-Dur", "D-B", "inprogress"
"989003107", "Sonate e-Moll", "D-B", "inprogress"
"989003115", "Sonate C-Dur", "D-B", "inprogress"
"989003137", "Teil)", "D-B", "inprogress"
"989003140", "Teil)", "D-B", "inprogress"
"989003165", "Fassung)", "D-B", "inprogress"
"989003176", "Fassung)", "D-B", "inprogress"
"989003226", "Fassung)", "D-B", "inprogress"
"989003269", "Fassung)", "D-B", "inprogress"
"989003337", "Choral)", "D-B", "inprogress"
"989003451", "Teil)", "D-B", "inprogress"
"989003473", "Legrenzi)", "D-B", "inprogress"
"989003487", "Fassung)", "D-B", "inprogress"
"989003488", "Fassung)", "D-B", "inprogress"
"989003489", "Fassung)", "D-B", "inprogress"
"989003530", "Leipziger Fassung)", "D-B", "inprogress"
"989003531", "Leipziger Fassung) Titel fraglich (s. Bemerkung)", "D-B", "inprogress"
"989003568", "Fassung)", "D-B", "inprogress"
"989003642", "Brandenburgisches Konzert D-Dur", "D-B", "inprogress"
"989003643", "Brandenburgisches Konzert D-Dur", "D-B", "inprogress"
"989003652", "Brandenburgisches Konzert F-Dur", "D-B", "inprogress"
"989003653", "Brandenburgisches Konzert B-Dur", "D-B", "inprogress"
"989003654", "Brandenburgisches Konzert G-Dur", "D-B", "inprogress"
"989003670", "Brandenburgisches Konzert D-Dur", "D-B", "inprogress"
"989003697", "Leipziger Fassung)", "D-B", "inprogress"
"989003698", "Leipziger Fassung) Titel fraglich (s. Bemerkung)", "D-B", "inprogress"
"989003707", "Fassung)", "D-B", "inprogress"
"989003751", "Sonate Es-Dur", "D-B", "inprogress"
"989003752", "Sonate c-Moll", "D-B", "inprogress"
"989003753", "Sonate d-Moll", "D-B", "inprogress"
"989003754", "Sonate e-Moll", "D-B", "inprogress"
"989003755", "Sonate C-Dur", "D-B", "inprogress"
"989003756", "Sonate G-Dur", "D-B", "inprogress"
"989003875", "Kaffee-Kantate)", "D-B", "inprogress"
"989003877", "Brandenburgisches Konzert F-Dur", "D-B", "inprogress"
"989003878", "Brandenburgisches Konzert G-Dur", "D-B", "inprogress"
"989003896", "2)", "D-B", "inprogress"
"989003900", "3)", "D-B", "inprogress"
"989003935", ".. Mio ben (Duett)", "D-B", "inprogress"
"989003939", "4)", "D-B", "inprogress"
"989003940", "15/6)", "D-B", "inprogress"
"989003944", "6, Nr. 2)", "D-B", "inprogress"
"989003950", "18/6)", "D-B", "inprogress"
"989004013", "2)", "D-B", "inprogress"
"989004014", "3)", "D-B", "inprogress"
"989004015", "4)", "D-B", "inprogress"
"989004020", "1)", "D-B", "inprogress"
"989004021", "2)", "D-B", "inprogress"
"989004022", "1)", "D-B", "inprogress"
"989004023", "5)", "D-B", "inprogress"
"989004025", "2)", "D-B", "inprogress"
"989004027", "4)", "D-B", "inprogress"
"989004038", "1)", "D-B", "inprogress"
"989004039", "2)", "D-B", "inprogress"
"989004040", "3)", "D-B", "inprogress"
"989004041", "4)", "D-B", "inprogress"
"989004042", "5)", "D-B", "inprogress"
"989004043", "6)", "D-B", "inprogress"
"989004059", "7)", "D-B", "inprogress"
"989004075", "6)", "D-B", "inprogress"
"989004086", "4)", "D-B", "inprogress"
"989004091", "7)", "D-B", "inprogress"
"989004092", "5)", "D-B", "inprogress"
"989004093", "6)", "D-B", "inprogress"
"989004094", "2)", "D-B", "inprogress"
"989004095", "3)", "D-B", "inprogress"
"989004097", "4)", "D-B", "inprogress"
"989004106", "1)", "D-B", "inprogress"
"989004112", "VI, Nr. 6", "D-B", "inprogress"
"989004167", "1)", "D-B", "inprogress"
"989004168", "6)", "D-B", "inprogress"
"989004252", ")", "D-B", "inprogress"
"989004255", "1)", "D-B", "inprogress"
"989004264", "1)", "D-B", "inprogress"
"989004265", "2)", "D-B", "inprogress"
"989004266", "3)", "D-B", "inprogress"
"989004267", "4)", "D-B", "inprogress"
"989004268", "5)", "D-B", "inprogress"
"989004269", "6)", "D-B", "inprogress"
"989004270", "7)", "D-B", "inprogress"
"989004271", "8)", "D-B", "inprogress"
"989004272", "9)", "D-B", "inprogress"
"989004273", "10)", "D-B", "inprogress"
"989004274", "11)", "D-B", "inprogress"
"989004275", "12)", "D-B", "inprogress"
"989004277", "1)", "D-B", "inprogress"
"989004278", "2)", "D-B", "inprogress"
"989004279", "3)", "D-B", "inprogress"
"989004280", "4)", "D-B", "inprogress"
"989004281", "5)", "D-B", "inprogress"
"989004282", "6)", "D-B", "inprogress"
"989004283", "7)", "D-B", "inprogress"
"989004284", "8)", "D-B", "inprogress"
"989004285", "9)", "D-B", "inprogress"
"989004286", "10)", "D-B", "inprogress"
"989004287", "11)", "D-B", "inprogress"
"989004288", "12)", "D-B", "inprogress"
"989004293", "1)", "D-B", "inprogress"
"989004300", "2)", "D-B", "inprogress"
"989004301", "3)", "D-B", "inprogress"
"989004302", "4)", "D-B", "inprogress"
"989004303", "5)", "D-B", "inprogress"
"989004304", "6)", "D-B", "inprogress"
"989004305", "7)", "D-B", "inprogress"
"989004306", "8)", "D-B", "inprogress"
"989010001", "Arr", "D-AMms", "inprogress"
"989010123", "Arr", "D-KA", "inprogress"
"989010124", "Arr", "D-KA", "inprogress"
"989010125", "Arr", "D-KA", "inprogress"
"989010132", "Arr", "D-DWc", "inprogress"
"989010138", "Arr", "D-DWc", "inprogress"
"989010139", "Arr", "D-DWc", "inprogress"
"989010140", "Arr", "D-DWc", "inprogress"
"989010154", "Arr", "D-RUl", "inprogress"
"989010157", "Arr", "D-RUl", "inprogress"
"989010160", "Arr", "D-RUl", "inprogress"
"989010168", "Arr", "D-TIT", "inprogress"
"989010170", "Excerpts. Arr", "D-TIT", "inprogress"
"989010176", "Excerpts. Arr", "D-URS", "inprogress"
"989010178", "Arr", "D-URS", "inprogress"
"989010179", "Arr", "D-URS", "inprogress"
"989010180", "Excerpts. Arr", "D-URS", "inprogress"
"989010181", "Excerpts. Arr", "D-URS", "inprogress"
"989010189", "Excerpts. Arr", "D-URS", "inprogress"
"989010197", "Excerpts. Arr", "D-NT", "inprogress"
"989010198", "Arr", "D-WRz", "inprogress"
"989010219", "Arr", "A-El", "inprogress"
"989010220", "Arr", "A-El", "inprogress"
"989010263", "Arr", "D-DWc", "inprogress"
"989010264", "Arr", "D-DWc", "inprogress"
"989010270", "Arr", "A-El", "inprogress"
"989010279", "Arr", "D-DWc", "inprogress"
"989010285", "Arr", "A-El", "inprogress"
"989010298", "Arr", "A-El", "inprogress"
"1001037423", "Excerpts. Arr", "D-Mbs", "published"
"1001048754", "Arr", "PL-Wb", "published"
"1001057166", "Arr", "D-Mbs", "published"
"1001057317", "Arr", "D-Mbs", "published"
"1001057375", "Arr", "D-Mbs", "published"
"1001115816", "Arr", "D-LDB", "published"
"1001116182", "Arr", "D-LDB", "published"
"1001116314", "1789", "F-Pn", "published"
"1001118141", "Arr", "D-LDB", "published"
"1001119681", "Arr", "D-Dl", "published"
"1001119687", "Arr", "D-Dl", "published"
"1001122496", "Sketches. Arr", "D-DEsa", "published"
"1001124472", "Arr", "D-ERP", "published"
"1001125482", "Excerpts. Arr", "S-J", "published"
"1001125483", "Excerpts. Arr", "S-Skma", "published"
"1001126272", "Excerpts. Arr", "D-SAAsm", "published"
"1001126383", "Arr", "D-SAAsm", "published"
"1001126744", "Excerpts. Arr", "D-SAAsm", "published"
"1001129186", "Excerpts. Arr", "D-SAAsm", "published"
"1001133551", "Excerpts. Arr", "D-BHa", "published"
"1001133690", "Excerpts. Arr", "GB-CA", "published"
"1001135260", "Excerpts. Arr", "D-Mbs", "published"
