"240699","Arrangement","US-BETm","published"
"242214","Arrangement","US-BETm","published"
"242595","Arrangement","US-BETm","published"
"242755","Arrangement","US-BETm","published"
"243118","Arrangement","US-BETm","published"
"243383","Arrangement","US-BETm","published"
"406001250","arr","","published"
"406001251","arr","CH-Bu","published"
"406001252","arr","CH-Bu","published"
"406001253","Excerpts","CH-Bu","published"
"406001266","arr","CH-Bu","published"
"406001267","arr","","published"
"406001670","arr","CH-Bu","published"
"408000075","Excerpts","CH-SAf","published"
"408000479","arr","","published"
"408000480","arr","","published"
"408000481","arr","","published"
"408000482","arr","","published"
"408000483","arr","","published"
"408000484","arr","","published"
"408000485","arr","","published"
"408000486","arr","","published"
"408000487","arr","","published"
"408000488","arr","","published"
"408000489","arr","","published"
"408000490","arr","","published"
"408000491","arr","","published"
"408000492","arr","","published"
"408000493","arr","","published"
"408000494","arr","","published"
"408000495","arr","","published"
"408000496","arr","","published"
"408000497","arr","","published"
"408000498","arr","","published"
"408000499","arr","","published"
"408000500","arr","","published"
"408000501","arr","","published"
"408000502","arr","","published"
"408004951","Excerpts","CH-SAf","published"
"408004952","Excerpts","CH-SAf","published"
"408004953","Excerpts","CH-SAf","published"
"410001284","Eb","CH-Lz","published"
"410001416","Eb","CH-Lz","published"
"410001419","Bb","CH-Lz","published"
"410001647","G","CH-Lz","published"
"410002847","Var","CH-BEl","published"
"410002869","Var","CH-BEl","published"
"410003732","Var","CH-Lz","published"
"410004106","Var","CH-Lz","published"
"410004176","Var","CH-BEl","published"
"410004177","Var","CH-BEl","published"
"410004181","Excerpts","CH-BEl","published"
"410004494","arr","CH-Lz","published"
"410004505","arr","CH-Lz","published"
"410004512","arr","CH-Lz","published"
"410005307","Fragments","CH-BEk","published"
"990068296","arr","","published"
"990068299","arr","","published"
"1000000623","Excerpts","","published"
"1001131656","Arrangement","US-BETm","published"
