"RISM ID","uurl1","uurl2","uurl3","uurl4","uurl5","uurl6"
"700000035","https://uurl.kbr.be/1985745",,,,,
"700000040","https://uurl.kbr.be/1873386",,,,,
"700000080","https://uurl.kbr.be/1782765",,,,,
"700000134","https://uurl.kbr.be/1906702",,,,,
"700000360","https://uurl.kbr.be/1627196",,,,,
"700001720","https://uurl.kbr.be/1541191",,,,,
"700004741","https://uurl.kbr.be/2002851",,,,,
"700005580","https://uurl.kbr.be/1971949",,,,,
"700005581","https://uurl.kbr.be/1909751",,,,,
"700005602","https://uurl.kbr.be/1779346",,,,,
"700005604","https://uurl.kbr.be/1779337",,,,,
"700005605","https://uurl.kbr.be/1928852",,,,,
"700005608","https://uurl.kbr.be/1919722",,,,,
"700005628","https://uurl.kbr.be/1541225",,,,,
"700005666","https://uurl.kbr.be/1899499","https://uurl.kbr.be/1899493",,,,
"700005691","https://uurl.kbr.be/1769092",,,,,
"700005702","https://uurl.kbr.be/1768719",,,,,
"700005789","https://uurl.kbr.be/2002862",,,,,
"700005790","https://uurl.kbr.be/1882002",,,,,
"700005803","https://uurl.kbr.be/1750133",,,,,
"700005804","https://uurl.kbr.be/1973457",,,,,
"700005805","https://uurl.kbr.be/2002846",,,,,
"700005806","https://uurl.kbr.be/1837816",,,,,
"700005807","https://uurl.kbr.be/1609999","https://uurl.kbr.be/2046474","https://uurl.kbr.be/2046486",,,
"700005808","https://uurl.kbr.be/1610019","https://uurl.kbr.be/2046556","https://uurl.kbr.be/2046552",,,
"700005809","https://uurl.kbr.be/2082980",,,,,
"700005813","https://uurl.kbr.be/2005524",,,,,
"700005816","https://uurl.kbr.be/2005086",,,,,
"700005822","https://uurl.kbr.be/1973455",,,,,
"700005823","https://uurl.kbr.be/1975024",,,,,
"700005824","https://uurl.kbr.be/1973444",,,,,
"700005855","https://uurl.kbr.be/2016549",,,,,
"700005857","https://uurl.kbr.be/1973326",,,,,
"700005858","https://uurl.kbr.be/2053484",,,,,
"700005859","https://uurl.kbr.be/1761621",,,,,
"700005860","https://uurl.kbr.be/1936732",,,,,
"700005861","https://uurl.kbr.be/2008178",,,,,
"700005862","https://uurl.kbr.be/2009603",,,,,
"700005869","https://uurl.kbr.be/1897232",,,,,
"700005881","https://uurl.kbr.be/1779344",,,,,
"700005886","https://uurl.kbr.be/1756087",,,,,
"700005900","https://uurl.kbr.be/1782426",,,,,
"700005901","https://uurl.kbr.be/1782767",,,,,
"700005902","https://uurl.kbr.be/1782769",,,,,
"700005922","https://uurl.kbr.be/1928850",,,,,
"700005923","https://uurl.kbr.be/1782738",,,,,
"700005928","https://uurl.kbr.be/1813786",,,,,
"700005933","https://uurl.kbr.be/1853510",,,,,
"700005949","https://uurl.kbr.be/1900113",,,,,
"700006023","https://uurl.kbr.be/1782745",,,,,
"700006034","https://uurl.kbr.be/2021514",,,,,
"700006035","https://uurl.kbr.be/2021516",,,,,
"700006036","https://uurl.kbr.be/2022793",,,,,
"700006037","https://uurl.kbr.be/1885200",,,,,
"700006038","https://uurl.kbr.be/1631844",,,,,
"700006039","https://uurl.kbr.be/1610299","https://uurl.kbr.be/1610304","https://uurl.kbr.be/2046577",,,
"700006042","https://uurl.kbr.be/2022799",,,,,
"700006043","https://uurl.kbr.be/1746995",,,,,
"700006044","https://uurl.kbr.be/1746997",,,,,
"700006045","https://uurl.kbr.be/1629588",,,,,
"700006046","https://uurl.kbr.be/1746999",,,,,
"700006047","https://uurl.kbr.be/1747001","https://uurl.kbr.be/2046586","https://uurl.kbr.be/2046588",,,
"700006118","https://uurl.kbr.be/1779328",,,,,
"700006119","https://uurl.kbr.be/1782736",,,,,
"700006192","https://uurl.kbr.be/1768725",,,,,
"700006295","https://uurl.kbr.be/1923858",,,,,
"700006314","https://uurl.kbr.be/1756091",,,,,
"700006322","https://uurl.kbr.be/1928335",,,,,
"700006419"," https://uurl.kbr.be/1758407",,,,,
"700006437","https://uurl.kbr.be/1904816",,,,,
"700006473","https://uurl.kbr.be/1932318","https://uurl.kbr.be/1933303","https://uurl.kbr.be/1933298",,,
"700006521","https://uurl.kbr.be/1919716",,,,,
"700006608","https://uurl.kbr.be/1904831",,,,,
"700006642","https://uurl.kbr.be/1904829",,,,,
"700006648","https://uurl.kbr.be/1904848",,,,,
"700006670","https://uurl.kbr.be/1905373",,,,,
"700006720","https://uurl.kbr.be/1903700",,,,,
"700006726","https://uurl.kbr.be/1747003",,,,,
"700006812","https://uurl.kbr.be/1844073",,,,,
"700006813","https://uurl.kbr.be/1751397",,,,,
"700006987","https://uurl.kbr.be/2031941",,,,,
"700006988","https://uurl.kbr.be/1782771",,,,,
"700007003","https://uurl.kbr.be/1758453",,,,,
"700007061","https://uurl.kbr.be/1909104",,,,,
"700007154","https://uurl.kbr.be/1985793",,,,,
"700007206","https://uurl.kbr.be/1961318",,,,,
"700007266","https://uurl.kbr.be/1970990",,,,,
"700007612","https://uurl.kbr.be/1744284",,,,,
"700008068","https://uurl.kbr.be/1958545",,,,,
"700008322","https://uurl.kbr.be/1454386",,,,,
"700009745","https://uurl.kbr.be/2016981","https://uurl.kbr.be/2023364",,,,
"700009746","https://uurl.kbr.be/2030196",,,,,
"700009747","https://uurl.kbr.be/2013084",,,,,
"700009748","https://uurl.kbr.be/2031900",,,,,
"700009749","https://uurl.kbr.be/2221110",,,,,
"700009750","https://uurl.kbr.be/2033539",,,,,
"700009756","https://uurl.kbr.be/2021081",,,,,
"700009762","https://uurl.kbr.be/2021078",,,,,
"700009766","https://uurl.kbr.be/1967095",,,,,
"700009767","https://uurl.kbr.be/2021648",,,,,
"700009860","https://uurl.kbr.be/2116409","https://uurl.kbr.be/2108993",,,,
"700009924","https://uurl.kbr.be/2150496",,,,,
"700009926","https://uurl.kbr.be/2073078",,,,,
"700010212","https://uurl.kbr.be/2134280",,,,,
"700010414","https://uurl.kbr.be/2070925",,,,,
"700010580","https://uurl.kbr.be/2045626",,,,,
"700010619","https://uurl.kbr.be/2045629",,,,,
"700010912","https://uurl.kbr.be/2258175",,,,,
"700010998","https://uurl.kbr.be/1965561",,,,,
"700011017","https://uurl.kbr.be/1632033",,,,,
"700011020","https://uurl.kbr.be/1454351",,,,,
"700011023","https://uurl.kbr.be/1848075",,,,,
"700011024","https://uurl.kbr.be/1848057",,,,,
"700011025","https://uurl.kbr.be/1848060",,,,,
"700011026","https://uurl.kbr.be/1848063",,,,,
"700011027","https://uurl.kbr.be/1848066",,,,,
"700011028","https://uurl.kbr.be/1848069",,,,,
"700011029","https://uurl.kbr.be/1848072",,,,,
"700011030","https://uurl.kbr.be/1971952",,,,,
"700011048","https://uurl.kbr.be/1968916","https://uurl.kbr.be/1981548",,,,
"700011049","https://uurl.kbr.be/1647342",,,,,
"700011050","https://uurl.kbr.be/1983317",,,,,
"700011158","https://uurl.kbr.be/2008615",,,,,
"700011159","https://uurl.kbr.be/2008609",,,,,
"700011164","https://uurl.kbr.be/2008606",,,,,
"700011165","https://uurl.kbr.be/2000700",,,,,
"700011166","https://uurl.kbr.be/2008612","https://uurl.kbr.be/2009345",,,,
"700011168","https://uurl.kbr.be/2003293","https://uurl.kbr.be/2004525",,,,
"700011169","https://uurl.kbr.be/2103383","https://uurl.kbr.be/2103381","https://uurl.kbr.be/2103379",,,
"701000001","https://uurl.kbr.be/1748446",,,,,
"701000002","https://uurl.kbr.be/1748423",,,,,
"701000003","https://uurl.kbr.be/1748448",,,,,
"701000004","https://uurl.kbr.be/1741013",,,,,
"701000005","https://uurl.kbr.be/1746324",,,,,
"701000006","https://uurl.kbr.be/1741228","https://uurl.kbr.be/2048243","https://uurl.kbr.be/2048245",,,
"701000007","https://uurl.kbr.be/1748298",,,,,
"701000008","https://uurl.kbr.be/1945407",,,,,
"701000009","https://uurl.kbr.be/1746274",,,,,
"701000010","https://uurl.kbr.be/1748468",,,,,
"701000011","https://uurl.kbr.be/1621897",,,,,
"701000012","https://uurl.kbr.be/1747051",,,,,
"701000013","https://uurl.kbr.be/1747053",,,,,
"701000014","https://uurl.kbr.be/1647007",,,,,
"701000016","https://uurl.kbr.be/1903858","https://uurl.kbr.be/1903860",,,,
"701000017","https://uurl.kbr.be/1903862","https://uurl.kbr.be/1903864",,,,
"701000019","https://uurl.kbr.be/1637679",,,,,
"701000021","https://uurl.kbr.be/1621895","https://uurl.kbr.be/2046646","https://uurl.kbr.be/2046644","https://uurl.kbr.be/2046650",,
"701000023","https://uurl.kbr.be/1577495",,,,,
"701000024","https://uurl.kbr.be/1577503",,,,,
"701000025","https://uurl.kbr.be/1903872","https://uurl.kbr.be/1903866",,,,
"701000026","https://uurl.kbr.be/1577486",,,,,
"701000027","https://uurl.kbr.be/1750095","https://uurl.kbr.be/1750063",,,,
"701000028","https://uurl.kbr.be/1903876","https://uurl.kbr.be/1933556",,,,
"701000029","https://uurl.kbr.be/1713408",,,,,
"701000030","https://uurl.kbr.be/1713406",,,,,
"701000032","https://uurl.kbr.be/2053550","https://uurl.kbr.be/2053546","https://uurl.kbr.be/2053548",,,
"701000033","https://uurl.kbr.be/1713401",,,,,
"701000034","https://uurl.kbr.be/1718108","https://uurl.kbr.be/1908820","https://uurl.kbr.be/1907136",,,
"701000035","https://uurl.kbr.be/1747059","https://uurl.kbr.be/2046724","https://uurl.kbr.be/2046722",,,
"701000036","https://uurl.kbr.be/1747061",,,,,
"701000037","https://uurl.kbr.be/1747046",,,,,
"701000038","https://uurl.kbr.be/1747049","https://uurl.kbr.be/2046628","https://uurl.kbr.be/2046630","https://uurl.kbr.be/2046634",,
"701000039","https://uurl.kbr.be/1747063","https://uurl.kbr.be/2046730","https://uurl.kbr.be/2046726",,,
"701000040","https://uurl.kbr.be/1747065","https://uurl.kbr.be/2046736","https://uurl.kbr.be/2046732",,,
"701000041","https://uurl.kbr.be/1949096",,,,,
"701000042","https://uurl.kbr.be/1747055","https://uurl.kbr.be/2046819","https://uurl.kbr.be/2046825","https://uurl.kbr.be/2046827",,
"701000043","https://uurl.kbr.be/1747057","https://uurl.kbr.be/2046738","https://uurl.kbr.be/2046740","https://uurl.kbr.be/2046742",,
"701000044","https://uurl.kbr.be/1922377",,,,,
"701000045","https://uurl.kbr.be/1927730",,,,,
"701000047","https://uurl.kbr.be/1903802",,,,,
"701000052","https://uurl.kbr.be/1747067",,,,,
"701000053","https://uurl.kbr.be/1747071",,,,,
"701000054","https://uurl.kbr.be/1747073",,,,,
"701000055","https://uurl.kbr.be/1747089",,,,,
"701000056","https://uurl.kbr.be/1747075","https://uurl.kbr.be/2046877","https://uurl.kbr.be/2046875",,,
"701000057","https://uurl.kbr.be/1747079",,,,,
"701000058","https://uurl.kbr.be/1747077",,,,,
"701000059","https://uurl.kbr.be/1961382",,,,,
"701000060","https://uurl.kbr.be/1747081","https://uurl.kbr.be/2046951","https://uurl.kbr.be/2046962",,,
"701000061","https://uurl.kbr.be/1747083",,,,,
"701000062","https://uurl.kbr.be/1747085","https://uurl.kbr.be/2046883","https://uurl.kbr.be/2046885",,,
"701000063","https://uurl.kbr.be/1931323","https://uurl.kbr.be/1935149",,,,
"701000064","https://uurl.kbr.be/1747087","https://uurl.kbr.be/2046966",,,,
"701000065","https://uurl.kbr.be/1931423",,,,,
"701000066","https://uurl.kbr.be/1903834","https://uurl.kbr.be/2047826",,,,
"701000067","https://uurl.kbr.be/1903836","https://uurl.kbr.be/2047895","https://uurl.kbr.be/2047891",,,
"701000068","https://uurl.kbr.be/1903838","https://uurl.kbr.be/2047978","https://uurl.kbr.be/2048058",,,
"701000069","https://uurl.kbr.be/1940601",,,,,
"701000070","https://uurl.kbr.be/1903840","https://uurl.kbr.be/2048233","https://uurl.kbr.be/2048231",,,
"701000071","https://uurl.kbr.be/1747091",,,,,
"701000072","https://uurl.kbr.be/1903842","https://uurl.kbr.be/2048235",,,,
"701000073","https://uurl.kbr.be/1637708","https://uurl.kbr.be/1637710",,,,
"701000074","https://uurl.kbr.be/2023740","https://uurl.kbr.be/1969067",,,,
"701000075","https://uurl.kbr.be/1818069",,,,,
"701000076","https://uurl.kbr.be/1786152","https://uurl.kbr.be/1786154",,,,
"701000077","https://uurl.kbr.be/1818067",,,,,
"701000078","https://uurl.kbr.be/1818081","https://uurl.kbr.be/1818083",,,,
"701000079","https://uurl.kbr.be/1821055","https://uurl.kbr.be/1906800",,,,
"701000080","https://uurl.kbr.be/1821075","https://uurl.kbr.be/1907243",,,,
"701000081","https://uurl.kbr.be/1903868","https://uurl.kbr.be/1903870",,,,
"701000082","https://uurl.kbr.be/1903844","https://uurl.kbr.be/1903846",,,,
"701000083","https://uurl.kbr.be/1774517","https://uurl.kbr.be/1903848",,,,
"701000084","https://uurl.kbr.be/1903850","https://uurl.kbr.be/1903852",,,,
"701000085","https://uurl.kbr.be/1713416",,,,,
"701000086","https://uurl.kbr.be/1927670","https://uurl.kbr.be/1927673",,,,
"701000087","https://uurl.kbr.be/1621872",,,,,
"701000092","https://uurl.kbr.be/1918893","https://uurl.kbr.be/1903874",,,,
"701000093","https://uurl.kbr.be/1774519",,,,,
"701000094","https://uurl.kbr.be/1903878","https://uurl.kbr.be/1903880",,,,
"701000095","https://uurl.kbr.be/1903882","https://uurl.kbr.be/1903884",,,,
"701000096","https://uurl.kbr.be/1903886","https://uurl.kbr.be/1903888",,,,
"701000097","https://uurl.kbr.be/1740432","https://uurl.kbr.be/2048237","https://uurl.kbr.be/2048241",,,
"701000099","https://uurl.kbr.be/1904888",,,,,
"701000112","https://uurl.kbr.be/1969326",,,,,
"701000124","https://uurl.kbr.be/1969321",,,,,
"701000132","https://uurl.kbr.be/1904893",,,,,
"701000140","https://uurl.kbr.be/1969583",,,,,
"701000146","https://uurl.kbr.be/2051061",,,,,
"701000154","https://uurl.kbr.be/1969748",,,,,
"701000162","https://uurl.kbr.be/1969444",,,,,
"701000167","https://uurl.kbr.be/1969446",,,,,
"701000172","https://uurl.kbr.be/1906704",,,,,
"701000196","https://uurl.kbr.be/1903890",,,,,
"701000197","https://uurl.kbr.be/1740430",,,,,
"701000210","https://uurl.kbr.be/1740436",,,,,
"701000211","https://uurl.kbr.be/1741500",,,,,
"701000212","https://uurl.kbr.be/1746331",,,,,
"701000213","https://uurl.kbr.be/1748520","https://uurl.kbr.be/1748917",,,,
"701000214","https://uurl.kbr.be/1750498","https://uurl.kbr.be/1750356",,,,
"701000216","https://uurl.kbr.be/1753076",,,,,
"701000217","https://uurl.kbr.be/1751416","https://uurl.kbr.be/1751399",,,,
"701000219","https://uurl.kbr.be/1749427",,,,,
"701000220","https://uurl.kbr.be/1757411","https://uurl.kbr.be/1758435",,,,
"701000221","https://uurl.kbr.be/1756080",,,,,
"701000222","https://uurl.kbr.be/1750490","https://uurl.kbr.be/1749363",,,,
"701000223","https://uurl.kbr.be/1752730","https://uurl.kbr.be/1756777",,,,
"701000224","https://uurl.kbr.be/1749729",,,,,
"701000225","https://uurl.kbr.be/1754226",,,,,
"701000226","https://uurl.kbr.be/1756151","https://uurl.kbr.be/1758411","https://uurl.kbr.be/1756149",,,
"701000227","https://uurl.kbr.be/1908656","https://uurl.kbr.be/1756155",,,,
"701000228","https://uurl.kbr.be/1747044",,,,,
"701000229","https://uurl.kbr.be/1928337",,,,,
"701000231","https://uurl.kbr.be/1816729",,,,,
"701000244","https://uurl.kbr.be/2051010","https://uurl.kbr.be/2051012","https://uurl.kbr.be/2051014","https://uurl.kbr.be/2051016","https://uurl.kbr.be/2051018","https://uurl.kbr.be/2051020"
"701000246","https://uurl.kbr.be/1816725",,,,,
"701000264","https://uurl.kbr.be/1816731",,,,,
"701000282","https://uurl.kbr.be/1816742",,,,,
"701000292","https://uurl.kbr.be/1758433",,,,,
"701000293","https://uurl.kbr.be/1759619",,,,,
"701000294","https://uurl.kbr.be/1760734",,,,,
"701000295","https://uurl.kbr.be/1760736",,,,,
"701000296","https://uurl.kbr.be/1760769",,,,,
"701000297","https://uurl.kbr.be/1758445",,,,,
"701000298","https://uurl.kbr.be/1758463",,,,,
"701000299","https://uurl.kbr.be/1758544",,,,,
"701000300","https://uurl.kbr.be/1758523",,,,,
"701000318","https://uurl.kbr.be/1768403",,,,,
"701000329","https://uurl.kbr.be/1768721",,,,,
"701000342","https://uurl.kbr.be/1907239",,,,,
"701000368","https://uurl.kbr.be/1759127",,,,,
"701000394","https://uurl.kbr.be/1759129",,,,,
"701000427","https://uurl.kbr.be/1760756",,,,,
"701000540","https://uurl.kbr.be/2035013",,,,,
"701001368","https://uurl.kbr.be/2195190",,,,,
"701001391","https://uurl.kbr.be/2180043",,,,,
"701001407","https://uurl.kbr.be/2165230",,,,,
"701001419","https://uurl.kbr.be/2165240",,,,,
"701001420","https://uurl.kbr.be/2232457",,,,,
"701001486","https://uurl.kbr.be/1921390",,,,,
"701001507","https://uurl.kbr.be/1637495",,,,,
"704000112","https://uurl.kbr.be/2070944",,,,,
"704000204","https://uurl.kbr.be/1767473",,,,,
"704000253","https://uurl.kbr.be/2151959",,,,,
"704000533","https://uurl.kbr.be/1962239",,,,,
"704000572","https://uurl.kbr.be/2083311",,,,,
"704000579","https://uurl.kbr.be/1961306",,,,,
"704000580","https://uurl.kbr.be/2089803",,,,,
"704000581","https://uurl.kbr.be/1892452",,,,,
"704000582","https://uurl.kbr.be/1892494",,,,,
"704000583","https://uurl.kbr.be/1892522",,,,,
"704000584","https://uurl.kbr.be/1892543",,,,,
"704000585","https://uurl.kbr.be/1892754",,,,,
"704000586","https://uurl.kbr.be/1892757",,,,,
"704000587","https://uurl.kbr.be/1892760",,,,,
"704000588","https://uurl.kbr.be/1892763",,,,,
"704000589","https://uurl.kbr.be/1892766",,,,,
"704000590","https://uurl.kbr.be/1892769",,,,,
"704000591","https://uurl.kbr.be/1962250",,,,,
"704000602","https://uurl.kbr.be/2068697",,,,,
"704000613","https://uurl.kbr.be/2068695",,,,,
"704000673","https://uurl.kbr.be/2062813",,,,,
"704000980","https://uurl.kbr.be/2077640",,,,,
"704000995","https://uurl.kbr.be/2070853",,,,,
"704001100","https://uurl.kbr.be/2070900",,,,,
"704001174","https://uurl.kbr.be/2078232",,,,,
"704001306","https://uurl.kbr.be/2083313",,,,,
"704001436","https://uurl.kbr.be/1809624",,,,,
"704001455","https://uurl.kbr.be/1454355",,,,,
"704001561","https://uurl.kbr.be/2089785",,,,,
"704001583","https://uurl.kbr.be/2092972",,,,,
"704001955","https://uurl.kbr.be/1892212",,,,,
"704001956","https://uurl.kbr.be/1892217",,,,,
"704001957","https://uurl.kbr.be/1895408",,,,,
"704001958","https://uurl.kbr.be/1896236",,,,,
"704002008","https://uurl.kbr.be/1892222",,,,,
"704002009","https://uurl.kbr.be/1892225",,,,,
"704002010","https://uurl.kbr.be/1892250",,,,,
"704002011","https://uurl.kbr.be/1892256",,,,,
"704002012","https://uurl.kbr.be/1892286",,,,,
"704002013","https://uurl.kbr.be/1892330",,,,,
"704002014","https://uurl.kbr.be/1892347",,,,,
"704002015","https://uurl.kbr.be/1888903",,,,,
"704002016","https://uurl.kbr.be/1892364",,,,,
"704002017","https://uurl.kbr.be/1892384",,,,,
"704002018","https://uurl.kbr.be/1892407",,,,,
"704002019","https://uurl.kbr.be/1892432",,,,,
"704002020","https://uurl.kbr.be/1892473",,,,,
"704002099","https://uurl.kbr.be/1981003",,,,,
"704002100","https://uurl.kbr.be/1986208",,,,,
"704002101","https://uurl.kbr.be/1981000",,,,,
"704002102","https://uurl.kbr.be/1981401",,,,,
"704002103","https://uurl.kbr.be/1981410",,,,,
"704002104","https://uurl.kbr.be/1980991",,,,,
"704002105","https://uurl.kbr.be/1980997",,,,,
"704002106","https://uurl.kbr.be/1980994",,,,,
"704002107","https://uurl.kbr.be/1980985",,,,,
"704002108","https://uurl.kbr.be/1980988",,,,,
"704002109","https://uurl.kbr.be/1993746",,,,,
"704002110","https://uurl.kbr.be/1993740",,,,,
"704002112","https://uurl.kbr.be/1993743",,,,,
"704002129","https://uurl.kbr.be/2000552",,,,,
"704002130","https://uurl.kbr.be/1993767","https://uurl.kbr.be/1993764",,,,
"704002131","https://uurl.kbr.be/1993761","https://uurl.kbr.be/1993758",,,,
"704002138","https://uurl.kbr.be/2195201",,,,,
"704002139","https://uurl.kbr.be/2161562",,,,,
"704002140","https://uurl.kbr.be/2195182",,,,,
"704002141","https://uurl.kbr.be/2161560",,,,,
"704002143","https://uurl.kbr.be/2161556",,,,,
"704002144","https://uurl.kbr.be/2195194",,,,,
"704002145","https://uurl.kbr.be/2161570",,,,,
"704002146","https://uurl.kbr.be/2161566",,,,,
"704002147","https://uurl.kbr.be/2161572",,,,,
"704002149","https://uurl.kbr.be/1948512",,,,,
"704002150","https://uurl.kbr.be/2189728",,,,,
"704002151","https://uurl.kbr.be/2035670",,,,,
"704002152","https://uurl.kbr.be/2035595","https://uurl.kbr.be/2035661",,,,
"704002153","https://uurl.kbr.be/2035598","https://uurl.kbr.be/2035664","https://uurl.kbr.be/2035667",,,
"704002158","https://uurl.kbr.be/1608066",,,,,
"704002162","https://uurl.kbr.be/2189742",,,,,
"704002163","https://uurl.kbr.be/2189732",,,,,
"704002164","https://uurl.kbr.be/2165238",,,,,
"704002167","https://uurl.kbr.be/2165232",,,,,
"704002168","https://uurl.kbr.be/2035619","https://uurl.kbr.be/2035624","https://uurl.kbr.be/2035627",,,
"704002169","https://uurl.kbr.be/2165242",,,,,
"704002190","https://uurl.kbr.be/2194492",,,,,
"704002225","https://uurl.kbr.be/1454211",,,,,
"704002226","https://uurl.kbr.be/1968922",,,,,
"704003417","https://uurl.kbr.be/2020803",,,,,
"1001066870","https://uurl.kbr.be/2008603",,,,,
