"510 RISM Serie";"RISM-ID";"852 $a Bibliothek ";"852 $q";"852 $c";"856 $u";"856 $z";"856 $x";"691 $a";"691 $n";"500 Bemerkungen ";
"1542/12";;"H-Ba";"S, A, B";"Bártfa Mus pr. 8/b";;;;;;;
"1558/3";;"S-Uu ";"(S, T, B)";;;;;;;;
"1562/7";;"US-Pu";"T ";;;;;"BujaB 1996";"p. 357";;
"1566/10";;"A-Wn ";"S, T, B";"SA.77.F.18/1-3";;;;;;;
"1576/5";;"PL-Wn ";"T, V 5 ";;;;;"KolbuszewskaR 1992";"p. 24";"Gehörte ursprünglich mit B aus PL-LEtpn zusammen";
"1576/5";;"PL-LEtpn ";"B";;;;;;;"Gehörte ursprünglich mit T, 5 aus PL-Wn zusammen";
"1585/1";;"PL-Wn ";"B  ";;"https://polona.pl/item/sacrae-cantiones-cum-quinque-sex-et-pluriubus-vocibus-de-festis-praecipuis-totius,MTAwNDIyMzU0/";"Digital copy";"Quellendigitalisat";;;;
"1613/1";;"PL-WRu  ";"S, A, T, B, V 7, V 8";;;;;;;;
"1613/1";;"D-Mbs";"complete";;"https://bpl.bibliocommons.com/item/show/5720026075";"Digitalisat des Musikdrucks";"Quellendigitalisat";;;;
"1614/3";;"I-Rsmt";"complete";;;;;"SimiBoniniM 2000";"p. 389f";;
"1614/3";;"I-BRams";"complete";;;;;;;;"OPAC ICCU (SBN) und OPAC Bib"
"1614/3";;"I-Ma";"T 2";;;;;;;;"OPAC ICCU (SBN)"
"1614/3";;"E-JA";"S 2";;"https://hispanicpolyphony.eu/source/25494";"Link to record in Books of Hispanic Polyphony";"Sonstige";;;;
"1616/7";;"B-Gu";;;"https://lib.ugent.be/catalog/rug01:001739474";"Link to record in catalog of Ghent university";"Sonstige";;;;
"1617/7";;"GB-Ob";"Harding H 849";;;;;;;;"OPAC GB-Ob"
"1621/10";;"B-Gu";;;"https://lib.ugent.be/catalog/rug01:001739475";"Link to record in catalog of Ghent university";"Sonstige";;;;
"1635/1";;"I-ASc";"S, A, org";;;;;;;;"OPAC ICCU (SBN)"
"1636/2";;"PL-WRu ";"partitura, voce";;;;;;;;
"1643/5";;"A-KR ";"vox 1";;;;;;;"Datiert mit 1642";
"1646/1";;"V-CVbav";;"(Fondo Casimiri)";;;;;;;
"1646/1";;"I-Rsmt";"S, A (2x), B (2x), org";;;;;"SimiBoniniM 2000";"p. 393f.";"Mit 1662-1 zusammengebunden. ";
"1646/1";;"I-Rsgf";;;;;;"DiDonatoR 2015";"p.  128f.";;
"1646/10";;"D-WRtl ";;;;;;;;;
"1662/1";;"I-Rsmt";"S, T (2x)";;;;;"SimiBoniniM 2000";"p. 393f.";"Mit 1646-1 zusammengebunden. ";
"1700/5";;"NL-DHnmi ";"dessus, b";;;;;;;;
"1562/22";;"I-Bc";"S  ";"Q.142(8)";;;;;;;
"1585/18";;"US-Bp";"V 5";;"https://bpl.bibliocommons.com/item/show/5720026075";"Digital copy";"Quellendigitalisat";;;;
"1588/21";;"US-NH ";"A";;;;;;;;
"1609/28";;"PL-WRu ";"S, T, B, V 5, V 6";;;;;;;;
"1622/15";;"US-NH ";"A";;;;;;;;
"A 2474";;"NL-DHa ";;;;;;;;;
"A 266 ";;"NL-DHa ";;;;;;;;;
"A 277";;"NL-As ";;;;;;;;"Impressum überklebt, Marke defekt";
"A 2930 ";;"NL-DHnmi";;;;;;;;;
"A 731";;"NL-DHnmi";;;;;;;;;
"A 934 ";;"NL-Uim ";;;;;;;;;
"AA 748 I,49";;"B-Bc";;;;;;;;;
"AN 1750";;"A-Wn ";;;;;;;;;
"B 106";;"A-Wnh";;"SH.J.P.E.Bach.38";;;;;;"Verlag überklebt mit Etikett Ch. A. André, Frankfurt a. M.";
"B 109";;"D-Km";;;;;;;;;
"B 109";;"NL-Uim ";;;;;;;;;
"B 1121";;"NL-DHnmi";;;;;;;;;
"B 121";;"A-Wnh";;"SH.J.P.E.Bach.58 ";;;;;;;
"B 124";;"NL-Uim ";;;;;;;;;
"B 128";;"NL-Uim ";;;;;;;;;
"B 134";;"A-Wnh";;"SH.Theoretica.52";;;;;;;
"B 136";;"A-Wnh";;"SH.J.P.E.Bach.49 ";;;;;;;
"B 167 ";;"NL-AN  ";;;;;;;;;
"B 2010";;"NL-BUkoopman";;;;;;;;;
"B 2013";;"NL-BUkoopman";;;;;;;;;
"B 227";;"A-Wnh";;"SH.J.Christian.Bach.7";;;;;;;
"B 2493";;"D-Lr";;;;;;;;;
"B 2524";;"NL-AN ";;;;;;;;;
"B 2525";;"NL-AN ";;;;;;;;;
"B 3032";;"NL-BUkoopman";;;;;;;;;
"B 333";;"A-Wnh";;"SH.J.Christian.Bach.24";;;;;;;
"B 335 ";;"B-Bc  ";;;;;;;;;
"B 3700";;"NL-BUkoopman";;;;;;;;;
"B 3840";;"NL-Uim ";;;;;;;;;
"B 4109";;"NL-HIr";;;;;;;;;
"B 418";;"A-Wnh";;"SH.J.Christoph.Bach.1 ";;;;;;;
"B 430";;"A-Wnh";;"SH.J.S.Bach.9";;;;;;;
"B 430";;"A-Wnh";;"SH.J.S.Bach.10/1";;;;;;;
"B 431";;"A-Wnh";;"SH.J.S.Bach.10/2";;;;;;;
"B 431";;"NL-DHnmi";;;;;;;;;
"B 433";;"A-Wnh";;"SH.J.S.Bach.11";;;;;;;
"B 435";;"A-Wnh";;"SH.J.S.Bach.17";;;;;;;
"B 436";;"D-LÜh ";;;;;;;;;
"B 436";;"A-Wnh";;"SH.J.S.Bach.19";;;;;;;
"B 437";;"A-Wnh";;"SH.J.S.Bach.20";;;;;;;
"B 438";;"D-LÜh ";;;;;;;;;
"B 440";;"A-Wnh";;"SH.J.S.Bach.2-3";;;;;;;
"B 443";;"A-Wnh";;"SH.J.S.Bach.4";;;;;;;
"B 446";;"A-Wnh";;"SH.J.S.Bach.1";;;;;;;
"B 447";;"A-Wnh";;"SH.J.S.Bach.7";;;;;;;
"B 466";;"A-Wnh";;"SH.J.S.Bach.41";;;;;;;
"B 471";;"A-Wnh";;"SH.J.S.Bach.38";;;;;;;
"B 474";;"A-Wnh";;"SH.J.S.Bach.27";;;;;;;
"B 481";;"A-Wnh";;"SH.J.S.Bach.34";;;;;;;
"B 486";;"A-Wnh";;"SH.J.S.Bach.34";;;;;;;
"B 490";;"NL-DHnmi";;;;;;;;;
"B 50";;"NL-Uim ";;;;;;;;;
"B 5060";;"NL-BUkoopman";;;;;;;;;
"B 5076";;"NL-BUkoopman";;;;;;;;;
"B 586";;"NL-DHnmi";;;;;;;;;
"B 602";;"NL-DHnmi";;;;;;;;;
"B 61";;"A-Wnh";;"SH.J.P.E.Bach.32 ";;;;;;;
"B 63";;"B-Bc ";"vl 1, vl 2, b";;;;;;;;
"B 64";;"B-Bc ";"vl 1, vl 2/fl, b";;;;;;;;
"B 744";;"PL-WRu ";"bc";;;;;;;;
"B 758";;"D-As ";;;;;;;;;
"B 758";;"D-Es";;;;;;;;;
"B 95";;"A-Wnh";;"SH.J.P.E.Bach.28 ";;;;;;;
"BB 2423a";;"PL-WRu ";"A, B";;;;;;;;
"BB 433a";;"A-Wnh";;"SH.J.S.Bach.12";;;;;;;
"BB 434b";;"A-Wnh";;"SH.J.S.Bach.15";;;;;;;
"BB 436a";;"A-Wnh";;"SH.J.S.Bach.18";;;;;;;
"BB 447b";;"A-Wnh";;"SH.J.S.Bach.8";;;;;;;
"BB 494a";;"A-Wnh";;"SH.J.S.Bach.45";;;;;;;
"BB 495a";;"A-Wnh";;"SH.J.S.Bach.46";;;;;;;
"BB 519a";;"A-Wnh";;"SH.J.S.Bach.71";;;;;;;
"BB 524a";;"B-Ac";;;;;;;;;
"BB 524a";;"A-Wnh";;"SH.J.S.Bach.107";;;;;;;
"C 1621";;"A-KR ";;;;;;;;;
"C 1686";;"B-Bc ";;;;;;;;;
"C 2025";;"NL-Usg";;;;;;;;;
"C 2135";;"B-Bc  ";"vl 1, vl 2, bc";;;;;;;;
"C 2557";;"US-NYp ";"recueil 8, 16";;;;;;;;
"C 2801";;"B-Bc";;;;;;;;;
"C 3143";;"GB-Cf";;;;;;;;;
"C 3278";;"B-Bc";;;;;;;;;
"C 3623";;"NL-DHnmi ";;"10 C 38";;;;;;;
"C 3676";;"NL-DHnmi  ";"vl 1, vl 2, bc, org";;;;;;;;
"C 3679";;"B-Bc   ";"vl 1, vl 2, bc";;;;;;;;
"C 3692 ";;"NL-BUkoopman ";"vl 1, vl 2, bc";;;;;;;;
"C 3713";;"NL-DHnmi ";"vl 1, vl 2, vlne, org";;;;;;;;
"C 3727";;"B-Bc  ";"vl 1, vl 2, bc";;;;;;;;
"C 3748";;"D-JE ";"vl 1, vl 2, bc";;;;;;;;
"C 3755";;"B-Bc  ";"vl 1, vl 2, bc";;;;;;;;
"C 3758";;"B-Bc  ";"vl 1, vl 2, bc";;;;;;;;
"C 3775";;"NL-DHnmi ";"vl 1, vl 2, bc";;;;;;;;
"C 3779";;"B-Bc  ";"vl 1, vl 2, bc";;;;;;;;
"C 3793";;"B-Bc ";"vl 1, vl 2, bc";;;;;;;;
"C 3807";;"NL-BUkoopman";;;;;;;;;
"C 3860 ";;"B-Bc ";"complete";;;;;;;;
"C 3870";;"NL-Uim ";;;;;;;;;
"C 3875";;"NL-Uim ";;;;;;;;;
"C 3876";;"NL-Uim ";;;;;;;;;
"C 4085";;"NL-BUkoopman";;;;;;;;;
"C 4132";;"NL-BUkoopman";;;;;;;;;
"C 4181";;"B-Bc";;;;;;;;;
"C 424 ";;"B-Bc ";"vl 1, vl 2, vla, vlc";;;;;;;;
"C 4283";;"B-Bc";;;;;;;;;
"C 4290";;"B-Bc";;;;;;;;;
"C 4349";;"NL-DHnmi";;;;;;;;;
"C 458";;"B-Bc ";"vl 1, vl 2, vla, vlc";;;;;;;;
"C 638 ";;"NL-DHnmi ";"vl 1, vl 2, bc";;;;;;;;
"C 833";;"B-Bc  ";"vl 1, vl 2, vla, vlc";;;;;;;;
"CC 2028 I,23";;"NL-DHnmi";;;;;;;;;
"CC 2028 I,58";;"NL-At   ";;;;;;;;;
"CC 2943a";;"D-LÜh";;;;;;;;;
"CC 3729a";;"NL-BUkoopman ";"vl 1, vl 2, vlc, bc";;;;;;;;
"CC 3761a";;"NL-BUkoopman ";"vl 1, vl 2, org";;;;;;;;
"D 1000";;"B-Bc ";"complete";;;;;;;;
"D 1003 ";;"B-Bc ";"complete";;;;;;;;
"D 1004 ";;"NL-DHnmi ";"complete";;;;;;;;
"D 1033";;"NL-DHnmi";;;;;;;;;
"D 11 ";;"B-Bc ";"complete";;;;;;;;
"D 1141";;"NL-Uim ";;;;;;;;;
"D 1233";;"B-Bc";;;;;;;;;
"D 1235";;"B-Bc";;;;;;;;;
"D 1520 ";;"B-Bc ";"complete";;;;;;;;
"D 1975 ";;"NL-Areede ";"fl 1, fl 2, fl 3";;;;;;;;
"D 2000";;"NL-DHnmi ";;;;;;;;;
"D 2096";;"B-Bc ";"fag 1, fag 2";;;;;;;;
"D 3285 ";;"B-Bc  vollst";;;;;;;;;
"D 3377 ";;"NL-DHa";;;;;;;;;
"D 3593";;"US-NYp";;;;;;;;;
"D 3838";;"NL-Uim ";;;;;;;;;
"D 3839";;"NL-Uim ";;;;;;;;;
"D 3840";;"NL-Uim ";;;;;;;;;
"D 3871 ";;"NL-DHnmi";;;;;;;;;
"D 3872 ";;"NL-DHnmi";;;;;;;;;
"D 3963";;"NL-At ";;;;;;;;;
"D 4724 ";;"NL-DHnmi";;;;;;;;;
"D 4726";;"NL-DHnmi";;;;;;;;;
"D 748";;"B-Bc";;;;;;;;;
"D 795 ";;"NL-Uim ";;;;;;;;;
"E 162";;"B-Bc";;;;;;;;;
"EE 902 I,1";;"NL-At ";;;;;;;;;
"EE 902 I,3";;"NL-At ";;;;;;;;;
"F 1682 ";;"GB-Lbl ";"S II";;;;;;;;
"F 48";;"NL-DEta";;;;;;;;;
"F 618";;"NL-DHnmi ";"vlc 1, 2";;;;;;;;
"F 622";;"NL-DHnmi";"vlc 1, 2";;;;;;;;
"F 630";;"NL-Uim ";;;;;;;;;
"F 635";;"NL-Uim ";;;;;;;;;
"F 805";;"PL-LEtpn ";"A";;;;;;;;
"F 806";;"PL-LEtpn ";"T";;;;;;;;
"F 895";;"NL-DHnmi ";"vl/fl, b, clav";;;;;;;;
"F 923";;"NL-DHnmi ";"vl, vla";;;;;;;;
"F 967";;"NL-DHnmi ";;;;;;;;;
"G 1471";;"NL-DHnmi";;;;;;;;;
"G 1502";;"NL-BUkoopman";;;;;;;;;
"G 1540  ";;"NL-DHnmi ";;"10 B 19";;;;;;;
"G 1543 ";;"NL-DHnmi";;;;;;;;;
"G 1545 ";;"NL-DHnmi ";;"10 C 59";;;;;;;
"G 1907";;"NL-DHnmi";;;;;;;;;
"G 20";;"B-Bc";;;;;;;;;
"G 2261";;"NL-DHa  ";"ohne clav";;;;;;;;
"G 2298";;"B-Bc";;;;;;;;;
"G 253";;"NL-DHnmi";;;;;;;;;
"G 3265";;"NL-DHnmi";;;;;;;;;
"G 3496";;"NL-DHnmi";;;;;;;;;
"G 3737";;"NL-Uim ";;;;;;;;;
"G 438";;"NL-BUkoopman";;;;;;;;;
"G 4581 ";;"NL-DHnmi";;;;;;;;;
"G 5395";;"NL-Areede ";"complete";;;;;;;;
"H 1176";;"NL-AN ";;;;;;;;;
"H 127";;"NL-DHnmi";;;;;;;;;
"H 1436";;"B-Ac";;;;;;;;;
"H 1440";;"B-Ac";;;;;;;;;
"H 1462";;"NL-Ur";;;;;;;;;
"H 219 ";;"NL-DHnmi";;;;;;;;;
"H 4385";;"NL-AN ";;;;;;;;;
"H 4624";;"NL-Uim ";;;;;;;;;
"H 4625";;"NL-Uim ";;;;;;;;;
"H 4998";;"NL-Uim ";;;;;;;;;
"H 5853";;"NL-DHnmi";;;;;;;;;
"H 6000";;"B-Bc  ";"vl 1, vl 2, bc";;;;;;;;
"H 6234";;"NL-BUkoopman";;;;;;;;;
"H 637";;"B-Bc";;;;;;;;;
"H 7328";;"NL-Uim ";;;;;;;;;
"H 8045";;"A-Wn";;;;;;;;;
"HH 2238a";;"NL-Uim ";;;;;;;;;
"J 206";;"B-Br ";;;;;;;;;
"J 206";;"D-Es";;;;;;;;;
"J 242";;"NL-BUkoopman";;;;;;;;;
"J 740";;"NL-DHnmw";;;;;;;;;
"K 1729";;"B-Bc";;;;;;;;;
"K 1734";;"B-Bc";;;;;;;;;
"K 1768";;"B-Bc";;;;;;;;;
"K 1844";;"B-Bc";;;;;;;;;
"K 1854";;"B-Bc";;;;;;;;;
"K 1862";;"B-Bc";;;;;;;;;
"K 2246";;"NL-Uim ";;;;;;;;;
"K 2348 ";;"NL-DHnmi";;;;;;;;;
"K 2501";;"NL-Uim ";;;;;;;;;
"K 277";;"B-Bc";;;;;;;;;
"K 2894";;"B-Bc";;;;;;;;;
"K 2902";;"B-Bc";;;;;;;;;
"K 2911";;"NL-RHkeppel";;;;;;;;;
"K 365";;"NL-DHnmi ";;;;;;;;;
"K 393";;"NL-DHnmi";"complete";;;;;;;;
"K 634";;"NL-D ";;;;;;;;;
"KK 1843a";;"B-Bc";;;;;;;;;
"KK 1843d";;"B-Bc";;;;;;;;;
"L 2149";;"NL-DHnmi";;;;;;;;;
"L 340";;"NL-RHkeppel";;;;;;;;;
"L 343";;"NL-RHkeppel";;;;;;;;;
"L 387";;"NL-DEta";;;;;;;;;
"L 665";;"NL-BUkoopman";;;;;;;;;
"L 769";;"I-VEaf  ";;;;;;;;;
"M 1164 ";;"NL-Uim ";;;;;;;;;
"M 165";;"NL-DHnmi";;;;;;;;;
"M 1781";;"NL-DHnmi ";;;;;;;;;
"M 1874 ";;"NL-DHnmi ";;;;;;;;;
"M 3030";;"B-Bc";;;;;;;;;
"M 391";;"NL-DHnmi ";;;;;;;;;
"M 395";;"NL-DHnmi ";;;;;;;;;
"M 4061";;"D-LÜh";;;;;;;;;
"M 7768";;"B-Bc";;;;;;;;;
"M 7911";;"NL-DHa ";;;;;;;;;
"MM 1663a";;"NL-RHkeppel";;;;;;;;;
"MM 3548e";;"NL-DHnmi";;;;;;;;;
"N 409";;"B-Bc";;;;;;;;;
"N 639 ";;"B-Bc";;;;;;;;;
"N 68";;"NL-BUkoopman";;;;;;;;;
"N 805";;"NL-DHnmi";;;;;;;;;
"O 330 ";;"NL-DHa";;;;;;;;;
"O 53";;"NL-At ";;;;;;;;;
"P 1011";;"NL-Ur ";;;;;;;;"  ";
"P 1222";;"NL-DHnmi";;;;;;;;;
"P 3421";;"NL-Areede ";"complete";;;;;;;;
"P 3427";;"NL-Areede ";"complete";;;;;;;;
"P 3433";;"NL-Areede ";"complete";;;;;;;;
"P 3438";;"NL-Areede";"complete";;;;;;;;
"P 3440";;"NL-Areede ";"complete";;;;;;;;
"P 3457";;"NL-Areede ";"complete";;;;;;;;
"P 5597";;"NL-DHnmi ";"vl 1, vl 2, bc";;;;;;;;
"P 5805";;"NL-BUkoopman";;;;;;;;;
"P 5829 ";;"NL-DHnmi";;;;;;;;;
"P 5977";;"NL-BUkoopman ";"vl 1, vl 2, vla, b";;;;;;;;
"P 631";;"B-Bc vollst.";;;;;;;;;
"P 709";;"B-Br ";"ohne B";;"http://uurl.kbr.be/1560773";"Digital copy";"Quellendigitalisat";;;"Beim Digitalisat handelt es sich um ein Konvolut mit P 700, P 709 ohne Bassus, P 712 und P 716";
"P 709";;"E-Bbc";"B, V 5";;"https://explora.bnc.cat/permalink/34CSUC_BC/1fpark4/alma991010330909706717";"LInk to record in local catalgoue";"Sonstige";;;;
"P 709";;"E-Bim";"S";;"https://hispanicpolyphony.eu/source/22873";"Link to record in Books of Hispanic Polyphony";"Sonstige";;;;
"P 710";;"E-Bu";"complete";;"https://hispanicpolyphony.eu/source/21778";"Link to record in Books of Hispanic Polyphony";"Sonstige";;;;
"P 710";;"E-Bbc";"ohne T";;;;;;;;
"P 711";;"I-Sac";"S, A, B";;;;;;;;"OPAC ICCU (SBN)"
"P 711";;"I-Vnm";"complete";;;;;;;;"OPAC ICCU (SBN)"
"P 712";;"B-Br ";"S, A, T, B, V 5, V 6 ";;"http://uurl.kbr.be/1560767@@http://uurl.kbr.be/1560769@@http://uurl.kbr.be/1560771@@http://uurl.kbr.be/1560773@@http://uurl.kbr.be/1560775@@http://uurl.kbr.be/1560777";"Digital copy (Cantus)@@Digital copy (Altus)@@Digital copy (Tenor)@@Digital copy (Bassus)@@Digital copy (Quintus)@@Digital copy (Sextus)";"Quellendigitalisat@@Quellendigitalisat@@Quellendigitalisat@@Quellendigitalisat@@Quellendigitalisat@@Quellendigitalisat";;;"Digitalisat (jeweils Konvolut aus P 700, P 709, P 712, P 716. Der Bassus P 712 ist handschriftlich aus dem 19. oder frühen 20. Jh.)";
"P 712";;"E-PAMcap";"S, A, B";;"https://hispanicpolyphony.eu/source/22871 @@https://hispanicpolyphony.eu/source/22870 @@https://hispanicpolyphony.eu/source/22869";"Link to record in Books of Hispanic Polyphony@@Link to record in Books of Hispanic Polyphony@@Link to record in Books of Hispanic Polyphony";"Sonstige@@Sonstige@@Sonstige";;;;"dieselben Links wie bei P 719?"
"P 714";;"E-Bbc";"B, V 5";;;;;;;;
"P 716";;"B-Br ";"vollst. (B handschriftlich)";"Fétis 1.712 bis A";"http://uurl.kbr.be/1560767@@http://uurl.kbr.be/1560769@@http://uurl.kbr.be/1560771@@http://uurl.kbr.be/1560773@@http://uurl.kbr.be/1560775";"Digital copy (Cantus)@@Digital copy (Altus)@@Digital copy (Tenor)@@Digital copy (Bassus)@@Digital copy (Quintus)";"Quellendigitalisat@@Quellendigitalisat@@Quellendigitalisat@@Quellendigitalisat@@Quellendigitalisat";;;"Digitalisat: Bassus handschriftl. 19. Jh. ";
"P 717";;"I-Rv";"complete";;;;;"FranchiR 2007";"p. 28-30";;
"P 717";;"E-Bbc";"ohne T";;;;;"PedrellB 1908";"vol. 1, p. 295";;
"P 719";;"E-PAMcap";"S, A, B";;"https://hispanicpolyphony.eu/source/22871 @@https://hispanicpolyphony.eu/source/22870 @@https://hispanicpolyphony.eu/source/22869";"Link to record in Books of Hispanic Polyphony@@Link to record in Books of Hispanic Polyphony@@Link to record in Books of Hispanic Polyphony";"Sonstige@@Sonstige@@Sonstige";;;;"dieselben Links wie bei P 712?"
"P 721";;"E-Bbc";"B";;"http://mdc.csuc.cat/cdm/compoundobject/collection/musicatedra/id/76071/rec/24";"Digital copy";"Quellendigitalisat";;;;
"P 722";;"I-Mc";"complete";"S. B. 107";;;;"BarblanM 1972";"p. 295f.";"@@Barblan gibt irrtümlich an, zum Stimmbuchsatz gehöre auch eine Orgelstimme. Diese hat sich aber als P 726 herausgestellt.";
"P 723";;"V-CVbav (Fondo Cappella Giulia)";"B";;;;;"LlorensG 1971";"p. 136-138, 369";"Es ist in einem Konvolut aus fünf Stimmbuchsätzen eingebunden (nach Stimmen sortiert, für den Bassus gibt es zwei Exemplare). Entgegen den Angaben in LlorensG 1971 handelt es sich beim zweiten Bassus-Exemplar nicht um P 717 wie bei den anderen Stimmbüchern, sondern um P 723.";
"P 725";;"I-TRsf";"org";;;;;;;;"WorldCat OCLC 797431334"
"P 726";;"I-Mc";"org";;;;;"BarblanM 1972";"p. 295f.";"Barblan wies diese org-Stimme irrtümlich P 722 zu.";"Siehe oben bei P 722"
"P 727";;"E-JA";"S, T, B";;"https://hispanicpolyphony.eu/source/17946";"Link to record in Books of Hispanic Polyphony";"Sonstige";;;;
"P 727";;"I-PCd";;;;;;;;;"OPAC ICCU (SBN)"
"P 728";;"V-CVbav  ";"V 5";"Casimiri.IV.931(int.8";;;;;;;"OPAC V-CVbav"
"P 731";;"E-JA";"complete";;"https://hispanicpolyphony.eu/source/18249";"Link to record in Books of Hispanic Polyphony";"Sonstige";;;;
"P 732";;"E-Bbc";"B";;"http://mdc.csuc.cat/cdm/compoundobject/collection/musicatedra/id/78641/rec/25";"Digital copy";"Quellendigitalisat";;;;
"P 732";;"E-Bu";"complete";;"https://hispanicpolyphony.eu/source/21782";"Link to record in Books of Hispanic Polyphony";"Sonstige";;;;
"P 735";;"E-Bbc";"B";;"https://mdc.csuc.cat/digital/collection/musicatedra/id/76598";"Digital copy";"Quellendigitalisat";;;;
"P 737";;"I-Rsld";;;;;;"AndraeR 1985";"p. 120";;
"P 737";;"I-Rsmt";;"st. mus. 670 B ";;;;"SimiBoniniM 2000";"p. 370";;
"P 737";;"A-Wnh";;;"http://data.onb.ac.at/rec/AC09296837";"Link to record in OPAC ÖNB";"Sonstige";;;;
"P 737";;"E-CU";"(ohne Titelblatt und die ersten 109 Folien)";;"https://hispanicpolyphony.eu/source/18044";"Link to record in Books of Hispanic Polyphony";"Sonstige";"Navarro-GonzaloC 1973";"p.332";"Im Katalog der Bibliothek ist es als anonymer, unbekannter Druck aufgeführt.";
"P 738";;"CO-B";"T ";;;;;"StevensonB 1962";"p. 308";;
"P 738";;"E-TZ";"unvollst.";;"https://hispanicpolyphony.eu/source/13461";"Link to record in Books of Hispanic Polyphony";"Sonstige";;;;
"P 738";;"I-AOc";"ohne B";;;;;"ChatrianA 1985";"p.  116f.";;
"P 739";;"I-FA";"A, B";;;;;"MoroniM 1996";"p. 76";;
"P 739";;"V-CVbav ";"complete";"Stamp.Chig.IV.2244(1-5)";;;;;;;"OPAC V-CVbav"
"P 745";;"I-VCd";"complete";;;;;;;;"OPAC ICCU (SBN)"
"P 745";;"E-Asa";"S, T";;;;;"VicenteA 1989";"p. 46f.";;
"P 748";;"I-CMac";;;;;;;;;"OPAC ICCU (SBN)"
"P 749";;"V-CVbav ";;"Stamp.Chig.IV.2243(1-5)";;;;;;;
"P 895";;"NL-BUkoopman";;;;;;;;"  ";
"PP 5070 I,58";;"NL-DHnmi";;;;;;;;;
"PP 733a";;"E-Bbc";"ohne A, T (ohne S. 24-32) ";;"http://mdc.csuc.cat/cdm/ref/collection/partiturBC/id/5542";"Digital copy";"Quellendigitalisat";;;;
"PP 745a";;"I-Sac";;;;;;;;;"OPAC ICCU (SBN)"
"R 1350";;"B-Bc ";"vl, vlc, cemb";;;;;;;;
"R 1545";;"NL-Uim ";;;;;;;;;
"R 165";;"NL-DHnmi";;;;;;;;;
"R 1679 ";;"NL-DHnmi";;;;;;;;"Verlag Simrock, Bonn mit Etikett überklebt Theune, Amsterdam";
"R 1861";;"B-Bc  ";"vl 1, vl 2, bc";;;;;;;;
"R 1961";;"NL-Uim ";;;;;;;;;
"R 2115";;"NL-Uim ";;;;;;;;;
"R 2331 ";;"B-Bc";;;;;;;;;
"R 2341 ";;"B-Bc";;;;;;;;;
"R 2559";;"D-GOl";;;;;;;;;
"R 59";;"NL-RHkeppel";;;;;;;;;
"R 68";;"NL-Uim ";;;;;;;;;
"R 983";;"NL-Uim ";;;;;;;;;
"R 984";;"NL-Uim ";;;;;;;;;
"RR 2308a ";;"B-Bc";;;;;;;;;
"S 1063";;"NL-DHnmi";;;;;;;;;
"S 1587";;"B-Bc ";;;;;;;;;
"S 1937 ";;"NL-DHa ";;;;;;;;;
"S 2183";;"NL-DHnmi";;;;;;;;;
"S 2392";;"NL-BUkoopman";;;;;;;;;
"S 2739 ";;"GB-Lbl ";"V 5, V 6, V 7";;;;;;;"Zusammengebunden mit Stimmbüchern von S 2740 und S 2741";
"S 4671";;"NL-BUkoopman";;;;;;;;;
"S 4673";;"NL-Uim ";;;;;;;;;
"S 4678";;"NL-BUkoopman";;;;;;;;;
"S 6001 ";;"NL-DHa ";;;;;;;;;
"S 698";;"NL-Uim ";;;;;;;;;
"S 7192";;"A-Kr  ";;;;;;;;;
"S 722";;"NL-BUkoopman ";"vl 1, vl 2, bc";;;;;;;;
"SS 6605a";;"D-W";;;;;;;;;
"T 1340";;"PL-Pu ";;;;;;;;;
"V 1155";;"B-Bc ";;;;;;;;;
"V 1158";;"B-Bc ";;;;;;;;;
"V 1159";;"B-Bc ";;;;;;;;;
"V 1327 ";;"B-Br ";;;;;;;;;
"V 1833";;"NL-Uim ";;;;;;;;;
"V 1837";;"NL-Uim ";;;;;;;;;
"V 1838";;"NL-Uim ";;;;;;;;;
"V 1845";;"NL-DHa ";;;;;;;;;
"V 2383";;"NL-At ";;;;;;;;;
"V 53";;"B-Bc ";;;;;;;;;
"V 682";;"NL-Ur";;;;;;;;;
"W 1041";;"US-NH ";"A";;;;;;;;
"W 1679 ";;"NL-At ";;;;;;;;;
"W 1946";;"NL-BUkoopman";;;;;;;;;
"WW 1700 I,1";;"A-Wn";;;;;;;;;
"WW 1722 II,108";;"NL-Uim ";;;;;;;;"Teil 1: Impressum André, Offenbach überklebt mit Etikett L. Plattner, Rotterdam";
"YY 8a";;"NL-DHnmi";;;;;;;;;
"Z 427";;"B-Bc";;;;;;;;;
"Z 65";;"B-Bc  ";"vl 1, vl 2, bc";;;;;;;;
;990003110;"A-Wnh";;"SH.Theoretica.5";;;;;;;
;990003110;"A-Wnh";;"SH.Theoretica.6";;;;;;;
;990048313;"E-Bu";"complete";;;;;;;;"Beleg: Andrea Puentes-Blanco, ""E-Bu 07 XVI-2126-3, E-Bu 07 XVI-2127-3, E-Bu 07 XVI-2128-3, E-Bu 07 XVI-2129-3, E-Bu 07 XVI-2130-3, E-Bu 07 XVI-2131-3 [RISM P715]"", Books of Hispanic Polyphony, hg. E. Ros-Fábregas (Zugriff: 18.02.2021), https://hispanicpolyphony.eu/source/21779), einen Stimmbuchsatz ohne Tenor in E-Bbc (OPAC: https://cataleg.bnc.cat/record=b1580477~S13*eng"
;990048313;"E-JA";"A, T, B";;"https://hispanicpolyphony.eu/source/17945";"Link to record in Books of Hispanic Polyphony";"Sonstige";;;;
;990049472;"GB-Lbl ";"ohne bc";"R.M.15.f.1.(9.)";;;;;;;"weiteres Exemplar neben dem in RISM schon angegebenen (Music Collections C.57.f.; nur prima pars) "
;990068461;"D-B ";;;;;;;;;
;991005766;"D-B";;;;;;;;;
;990019634;"NL-Uim ";;;;;;;;;
;450059037;"NL-BUkoopman";;;;;;;;;
;1000000636;"NL-DHnmi ";;;;;;;;"  ";
;1001208697;"D-Dl ";;"MB 8° 78 Rara";;;;;;"  ";
;1001264171;"NL-DHnmi ";;;;;;;;"  ";
;1000000105;"D-HRD";"B ";;;;;;;"Titelblatt und die ersten beiden Notenseiten fehlen";
;1001208328;"D-Dl ";;"MB 8° 179 Rara";;;;;;"  ";
;653005743;"D-HVl ";;;;;;;;"  ";
;1001229777;"B-Br  ";;"V. B. 3577 C";;;;;;"  ";
;1001209836;"D-Dl ";;"MB 8° 423 Rara";;;;;;"  ";
;1001209836;"D-Dl ";;"MB 8° 424,2 Rara";;;;;;"  ";
;1001208568;"D-Dl ";;"MB 8° 387,1 Rara";;;;;;"  ";
;1001206226;"D-Dl ";;"MB 8° 481 Rara";;;;;;"  ";
;1001206226;"NL-DHnmi";;;;;;;;"  ";
;653005905;"D-LÜh ";;"1929 A 7";;;;;;"  ";
;653005905;"D-Dl ";;"MB 8° 611 Rara";;;;;;"  ";
;1001098261;"D-KNu ";;;;;;;;"  ";
;402006138;"NL-At";;;;;;;;;
;402006164;"D-LÜh ";;"A 124";;;;;;;
;553002209;"D-LÜh ";;"S 17";;;;;;;
;553005028;"D-LÜh ";;"S 7";;;;;;;
;653005800;"B-Bc";;;;;;;;;
;653005872;"NL-Uim ";;;;;;;;;
;654000413;"D-LÜh  ";;"A 307";;;;;;;
;1000000637;"NL-DHnmi";;;;;;;;;
;1001005205;"D-LÜh ";;"S 24";;;;;;;
;1001005205;"NL-DHnmi ";;;;;;;;;
;1001005249;"D-LÜh ";;"S 24a";;;;;;;
;1001044161;"NL-At";;;;;;;;;
;1001044349;"NL-Uim ";;;;;;;;;
;1001046142;"NL-Uim ";;;;;;;;;
;1001048604;"NL-At";;;;;;;;;
;1001159523;"A-Wnh";;"SH.J.S.Bach.5";;;;;;;
;1001094913;"NL-At";;;;;;;;;
;1001102015;"NL-DHa ";;;;;;;;;
;1101114441;"A-Wnh";;"SH.J.S.Bach.29";;;;;;;
;1001148645;"NL-At ";;;;;;;;;
;1001148849;"NL-At ";;;;;;;;;
;1001151153;"NL-At ";;;;;;;;;
;1001154684;"D-HR";;;;;;;;;
;1001188660;"PL-WRu ";"S, A, B";;;;;;;;
;1001194445;"NL-Uim ";;;;;;;;;
;1001199884;"D-LÜh ";;"S 8a,b,c";;;;;;;
;1001200111;"NL-DHnmi";;"10 C 11";;;;;;;
;1001204583;"A-Wnh";;"SH.J.S.Bach.90";;;;;;;
;1001205298;"NL-DHnmi";;"10 B 34";;;;;;;
;1001251919;"NL-At ";;;;;;;;;
;1001262322;"NL-DHnmi";;;;;;;;;
;1001273470;"D-HR";;;;;;;;;
